ELECTION,OFFICECD,RECIPID,CANCLASS,RECIPNAME,COMMITTEE,FILING,SCHEDULE,PAGENO,SEQUENCENO,REFNO,DATE,REFUNDDATE,NAME,First name,last name,STRNO,STRNAME,APARTMENT,BOROUGHCD,CITY,STATE,ZIP,OCCUPATION,EMPNAME,EMPSTRNO,EMPSTRNAME,EMPCITY,EMPSTATE,AMNT,MATCHAMNT,PREVAMNT,PAY_METHOD,INTERMNO,INTERMNAME,INTSTRNO,INTSTRNM,INTAPTNO,INTCITY,INTST,INTZIP,INTEMPNAME,INTEMPSTNO,INTEMPSTNM,INTEMPCITY,INTEMPST,INTOCCUPA,PURPOSECD,EXEMPTCD,ADJTYPECD,RR_IND,SEG_IND,INT_C_CODE
2025,5,2886,P,"Alayeto, Clarisa",H,8,ABC,,,R0001408,3/13/25,, Lauren Fixel,Fixel, Lauren,,,,M,New York,NY,10028,Philanthropist,Self-Employed,65,E 55th Street,New York,NY,1050,175,0,4,,,,,,,,,,,,,,,,,,N,N,
2025,5,2886,P,"Alayeto, Clarisa",H,8,ABC,,,R0001390,3/12/25,, Lee Fixel,Fixel, Lee,,,,M,New York,NY,10028,Investor,Addition,65,East 55th Street,New York,NY,1050,175,0,4,,,,,,,,,,,,,,,,,,N,N,
2025,5,2886,P,"Alayeto, Clarisa",H,8,ABC,,,R0001231,1/16/25,, John Petry,Petry, John,,,,M,New York,NY,10023,Finance,Sessa Capital,888,7th Avenue,New York,NY,1050,175,0,4,,,,,,,,,,,,,,,,,,N,N,
2025,5,2886,P,"Alayeto, Clarisa",H,8,ABC,,,R0001389,3/12/25,, Adeena Rosen,Rosen, Adeena,,,,Z,Scarsdale,NY,10583,Homemaker,,,,,,1050,0,0,4,,,,,,,,,,,,,,,,,,N,N,
2025,5,2886,P,"Alayeto, Clarisa",H,8,ABC,,,R0001321,2/25/25,, Samuel Echezona,Echezona, Samuel,,,,X,The Bronx,NY,10454,Medical Doctor,Self-Employed,51,Bruckner Boulevard,The Bronx,NY,600,0,0,4,,,,,,,,,,,,,,,,,,N,N,
2025,5,2886,P,"Alayeto, Clarisa",H,7,ABC,,,R0001170,1/8/25,, William Bollinger,Bollinger, William,,,,Z,Esopus,NY,12429,Real Estate,JCal Development,55,Bruckner Blvd,Bronx,NY,250,0,0,2,,,,,,,,,,,,,,,,,,N,N,
2025,5,2886,P,"Alayeto, Clarisa",H,7,ABC,,,R0000250,1/8/25,, Sean Coleman,Coleman, Sean,,,,Z,Edgewater,NJ,07020,CEO,Destination Tomorrow,452,East 149th Street,The Bronx,NY,250,0,0,4,,,,,,,,,,,,,,,,,,N,N,
2025,5,2886,P,"Alayeto, Clarisa",H,7,ABC,,,R0000123,12/17/24,, Kenneth Emeghebo,Emeghebo, Kenneth,,,,Q,Rego Park,NY,11374,Administrator,St. John’s University,80-00,Utopia Parkway,Jamaica,NY,250,175,0,4,,,,,,,,,,,,,,,,,,N,N,
2025,5,2886,P,"Alayeto, Clarisa",H,8,ABC,,,R0001282,2/13/25,, Emily Giske,Giske, Emily,,,,Z,East Hampton,NY,11937,Lobbyists,Bolton st johns,146,State Street,Albany,NY,250,0,0,4,,,,,,,,,,,,,,,,,,N,N,
2025,5,2886,P,"Alayeto, Clarisa",H,8,ABC,,,R0001414,3/13/25,, David Kroin,Kroin, David,,,,Z,Harrison,NY,10528,Investor,Deep Track Capital,200,Greenwich Avenue,Greenwich,CT,250,0,0,4,,,,,,,,,,,,,,,,,,N,N,
2025,5,2886,P,"Alayeto, Clarisa",H,8,ABC,,,R0001415,3/13/25,, Michelle Kroin,Kroin, Michelle,,,,Z,Harrison,NY,10528,Homemaker,,,,,,250,0,0,4,,,,,,,,,,,,,,,,,,N,N,
2025,5,2886,P,"Alayeto, Clarisa",H,7,ABC,,,R0000078,12/11/24,, Sapana Kulkarni,Kulkarni, Sapana,,,,Z,Sea Cliff,NY,11579,Homemaker,,,,,,250,0,0,4,,,,,,,,,,,,,,,,,,N,N,
2025,5,2886,P,"Alayeto, Clarisa",H,8,ABC,,,R0001355,3/6/25,, Henry Love,Love, Henry,,,,X,Bronx,NY,10451,Psychologist,Win,1,State Street,New York,NY,250,0,0,4,,,,,,,,,,,,,,,,,,N,N,
2025,5,2886,P,"Alayeto, Clarisa",H,7,ABC,,,R0000107,12/13/24,, Crystal McQueen-Taylor,McQueen-Taylor, Crystal,,,,K,Brooklyn,NY,11213,Executive Director,StudentsFirstNY,228,Park Avenue South,New York,NY,250,0,0,4,,,,,,,,,,,,,,,,,,N,N,
2025,5,2886,P,"Alayeto, Clarisa",H,7,ABC,,,R0000268,1/10/25,, Tangela Quisenberry,Quisenberry, Tangela,,,,X,Bronx,NY,10454,Childcare,Kids Space,578,East 138th Street,Bronx,NY,250,0,0,4,,,,,,,,,,,,,,,,,,N,N,
2025,5,2886,P,"Alayeto, Clarisa",H,7,ABC,,,R0000034,12/6/24,, Janine Ramirez,Ramirez, Janine,,,,Z,San Jose,CA,95126,Education,Rocketship,2001,Gateway Place,San Jose,CA,250,0,0,4,,,,,,,,,,,,,,,,,,N,N,
2025,5,2886,P,"Alayeto, Clarisa",H,7,ABC,,,R0000251,1/8/25,, Sage Rivera,Rivera, Sage,,,,X,The Bronx,NY,10469,Chief Strategy Officer,Destination tomorrow,452,East 149th Street,The Bronx,NY,250,0,0,4,,,,,,,,,,,,,,,,,,N,N,
2025,5,2886,P,"Alayeto, Clarisa",H,7,ABC,,,R0000258,1/8/25,, Steven Rivera,Rivera, Steven,,,,Z,Wheatley Heights,NY,11798,Healthcare,Self-Employed,10,Nottingham Drive,Wheatley Heights,NY,250,0,0,4,,,,,,,,,,,,,,,,,,N,N,
2025,5,2886,P,"Alayeto, Clarisa",H,7,ABC,,,R0000035,12/6/24,, Marysol Rodriguez,Rodriguez, Marysol,,,,X,The Bronx,NY,10462,Consultant,Self-Employed,2156,Cruger Avenue,The Bronx,NY,250,0,0,4,,,,,,,,,,,,,,,,,,N,N,
2025,5,2886,P,"Alayeto, Clarisa",H,7,ABC,,,R0000126,12/17/24,, Melisa Rousseau,Rousseau, Melisa,,,,Z,Huntington,NY,11743,Student,,,,,,250,0,0,4,,,,,,,,,,,,,,,,,,N,N,
2025,5,2886,P,"Alayeto, Clarisa",H,8,ABC,,,R0001342,3/5/25,, Keith Rubenstein,Rubenstein, Keith,,,,M,New York,NY,10001,Real Estate,Self-Employed,300,East 42nd Street,New York,NY,250,175,0,4,,,,,,,,,,,,,,,,,,N,N,
2025,5,2886,P,"Alayeto, Clarisa",H,7,ABC,,,R0000056,12/8/24,, Prisca Salazar Rodriguez,Salazar Rodriguez, Prisca,,,,X,Bronx,NY,10461,Partner,Bolton-St.Johns,11,Park Place,New York,NY,250,0,0,4,,,,,,,,,,,,,,,,,,N,N,
2025,5,2886,P,"Alayeto, Clarisa",H,7,ABC,,,R0000202,1/2/25,, Kristina Sanchez,Sanchez, Kristina,,,,X,Bronx,NY,10467,Billing Assistant Manager,OrthoMotion Rehab DME,652,Suffolk Avenue,Brentwood,NY,250,175,0,4,,,,,,,,,,,,,,,,,,N,N,
2025,5,2886,P,"Alayeto, Clarisa",H,8,ABC,,,R0001315,2/23/25,, Cedric Shine,Shine, Cedric,,,,Z,Bloomfield,NJ,07003,Marketing Director,Major League Soccer,420,5th Avenue,New York,NY,250,0,0,4,,,,,,,,,,,,,,,,,,N,N,
2025,5,2886,P,"Alayeto, Clarisa",H,8,ABC,,,R0001391,3/12/25,, Edward Stern,Stern, Edward,,,,M,New York,NY,10024,Business Owner,"Hartz Capital, Inc.",500,Plaza Drive,Secaucus,NJ,250,175,0,4,,,,,,,,,,,,,,,,,,N,N,
2025,5,2886,P,"Alayeto, Clarisa",H,8,ABC,,,R0001392,3/12/25,, Ezra Stern,Stern, Ezra,,,,M,New York,NY,10012,Real Estate,"Hartz Mountain Industries, Inc",500,Plaza Drive,Secaucus,NJ,250,175,0,4,,,,,,,,,,,,,,,,,,N,N,
2025,5,2886,P,"Alayeto, Clarisa",H,7,ABC,,,R0001178,1/8/25,, Jami Weissman,Weissman, Jami,,,,Z,Bedford,NY,10506,,,,,,,250,0,0,2,,,,,,,,,,,,,,,,,,N,N,
2025,5,2886,P,"Alayeto, Clarisa",H,7,ABC,,,R0001175,1/8/25,, Josh Weissman,Weissman, Josh,,,,Z,Bedford,NY,10506,,JCal,55,Bruckner Blvd,Bronx,NY,250,0,0,2,,,,,,,,,,,,,,,,,,N,N,
2025,5,2886,P,"Alayeto, Clarisa",H,7,ABC,,,R0000272,1/10/25,, Stivin Benedith,Benedith, Stivin,,,,X,Bronx,NY,10451,Police Officer,NYPD,1,Police Plaza Path,New York,NY,200,175,0,4,,,,,,,,,,,,,,,,,,N,N,
2025,5,2886,P,"Alayeto, Clarisa",H,8,ABC,,,R0001310,2/22/25,, Lewis Holman,Holman, Lewis,,,,X,Bronx,NY,10454,Tax accountant,Braverman CPA,55,West 39th Street,New York,NY,200,175,0,4,,,,,,,,,,,,,,,,,,N,N,
2025,5,2886,P,"Alayeto, Clarisa",H,7,ABC,,,R0000214,1/2/25,, Michael Pimentel,Pimentel, Michael,,,,X,The Bronx,NY,10451,Student,,,,,,200,175,0,4,,,,,,,,,,,,,,,,,,N,N,
2025,5,2886,P,"Alayeto, Clarisa",H,7,ABC,,,R0000248,1/8/25,, Jessica Quiles,Quiles, Jessica,,,,X,The Bronx,NY,10462,Director of field operations,Parkchester South condominium,2000,East Tremont Avenue,The Bronx,NY,200,175,0,4,,,,,,,,,,,,,,,,,,N,N,
2025,5,2886,P,"Alayeto, Clarisa",H,8,ABC,,,R0001268,2/4/25,, Vanessa Aronson,Aronson, Vanessa,,,,M,NEW YORK,NY,10021,Senior Director of Strategy,ASPCA (for attribution only),520,8th Avenue,New York,NY,175,175,0,4,,,,,,,,,,,,,,,,,,N,N,
2025,5,2886,P,"Alayeto, Clarisa",H,8,ABC,,,R0001374,3/9/25,, Joel Bergstein,Bergstein, Joel,,,,M,New york,NY,10128,Executive,Linque mgmt,1,Meadowlands Pz,East Rutjerford,NY,175,0,0,4,,,,,,,,,,,,,,,,,,N,N,
2025,5,2886,P,"Alayeto, Clarisa",H,7,ABC,,,R0000053,12/7/24,, Lashawn Butler-Francis,Butler-Francis, Lashawn,,,,X,Bronx,NY,10463,Executive Assistant/Psychother,Self-Employed,3333,Henry Hudson Parkway,Bronx,NY,175,175,0,4,,,,,,,,,,,,,,,,,,N,N,
2025,5,2886,P,"Alayeto, Clarisa",H,7,ABC,,,R0000288,1/11/25,, Marcos Crespo,Crespo, Marcos,,,,Z,Yorktown heights,NY,10598,SVP,Montefiore Einstein,111,East 210th Street,The Bronx,NY,175,0,0,4,,,,,,,,,,,,,,,,,,N,N,
2025,5,2886,P,"Alayeto, Clarisa",H,7,ABC,,,R0000273,1/10/25,, Virna Crespo,Crespo, Virna,,,,Z,Yorktown Heights,NY,10598,Insurance Broker,Self-Employed,2445,Mark Road,Yorktown Heights,NY,175,0,0,4,,,,,,,,,,,,,,,,,,N,N,
2025,5,2886,P,"Alayeto, Clarisa",H,8,ABC,,,R0001394,3/12/25,, Linda Daitz,Daitz, Linda,,,,M,New York,NY,10028,Retired,,,,,,175,175,0,4,,,,,,,,,,,,,,,,,,N,N,
2025,5,2886,P,"Alayeto, Clarisa",H,7,ABC,,,R0000060,12/9/24,, Ruben Diaz jr,Diaz jr, Ruben,,,,X,The Bronx,NY,10473,SVP Of Strategic Initiatives,Montefiore/ Einstein,3332,Rochambeau Avenue,The Bronx,NY,175,0,0,4,,,,,,,,,,,,,,,,,,N,N,
2025,5,2886,P,"Alayeto, Clarisa",H,8,ABC,,,R0001320,2/25/25,, Samuel Echezona,Echezona, Samuel,,,,X,The Bronx,NY,10454,Medical Doctor,Self-Employed,51,Bruckner Boulevard,The Bronx,NY,175,175,0,4,,,,,,,,,,,,,,,,,,N,N,
2025,5,2886,P,"Alayeto, Clarisa",H,8,ABC,,,R0001393,3/12/25,, Deborah Edell,Edell, Deborah,,,,M,New York,NY,10021,Homemaker,,,,,,175,175,0,4,,,,,,,,,,,,,,,,,,N,N,
2025,5,2886,P,"Alayeto, Clarisa",H,7,ABC,,,R0000247,1/8/25,, Sandra Erickson,Erickson, Sandra,,,,X,The Bronx,NY,10464,Real Eatate Managment,Sandra Erickson Real Estate In,1920,Anthony Avenue,The Bronx,NY,175,0,0,4,,,,,,,,,,,,,,,,,,N,N,
2025,5,2886,P,"Alayeto, Clarisa",H,8,ABC,,,R0001376,3/9/25,, Erica Gerson,Gerson, Erica,,,,M,New York,NY,10024,Homemaker,,,,,,175,175,0,4,,,,,,,,,,,,,,,,,,N,N,
2025,5,2886,P,"Alayeto, Clarisa",H,8,ABC,,,R0001377,3/9/25,, Mark Gerson,Gerson, Mark,,,,M,New York,NY,10024,Business,Self-Employed,250,West 81st Street,New York,NY,175,175,0,4,,,,,,,,,,,,,,,,,,N,N,
2025,5,2886,P,"Alayeto, Clarisa",H,8,ABC,,,R0001379,3/9/25,, Gary Ginsberg,Ginsberg, Gary,,,,M,New York,NY,10014,Unemployed,,,,,,175,175,0,4,,,,,,,,,,,,,,,,,,N,N,
2025,5,2886,P,"Alayeto, Clarisa",H,8,ABC,,,R0001380,3/9/25,, Gary Ginsberg,Ginsberg, Gary,,,,M,New York,NY,10014,Unemployed,,,,,,175,175,0,4,,,,,,,,,,,,,,,,,,N,N,
2025,5,2886,P,"Alayeto, Clarisa",H,7,ABC,,,R0000257,1/8/25,, Anthony Gonzalez,Gonzalez, Anthony,,,,X,The Bronx,NY,10465,Contractor,ATD construction Team,538,Throgs Neck Expressway,The Bronx,NY,175,0,0,4,,,,,,,,,,,,,,,,,,N,N,
2025,5,2886,P,"Alayeto, Clarisa",H,8,ABC,,,R0001395,3/12/25,, Jessica Green,Green, Jessica,,,,Z,Yonkers,NY,10705,Unemployed,,,,,,175,0,0,4,,,,,,,,,,,,,,,,,,N,N,
2025,5,2886,P,"Alayeto, Clarisa",H,8,ABC,,,R0001278,2/10/25,, Tamsen Greene,Greene, Tamsen,,,,M,New York,NY,10024,Executive Director,Jack Shainman Gallery,513,West 20th Street,New York,NY,175,175,0,4,,,,,,,,,,,,,,,,,,N,N,
2025,5,2886,P,"Alayeto, Clarisa",H,8,ABC,,,R0001306,2/22/25,, Derron Harris,Harris, Derron,,,,X,The Bronx,NY,10454,Attorney,Airbnb,888,Brannan Street,San Francisco,CA,175,175,0,4,,,,,,,,,,,,,,,,,,N,N,
2025,5,2886,P,"Alayeto, Clarisa",H,8,ABC,,,R0001312,2/23/25,, Emily Henretta,Henretta, Emily,,,,X,Bronx,NY,10454,Artist,Self-Employed,433,East 143rd Street,Bronx,NY,175,0,0,4,,,,,,,,,,,,,,,,,,N,N,
2025,5,2886,P,"Alayeto, Clarisa",H,7,ABC,,,R0000290,1/11/25,, Anthony R. Jordan,Jordan, Anthony R.,,,,M,New York,NY,10039,District Manager,City of New York,3024,Third Avenue,Bronx,NY,175,175,0,4,,,,,,,,,,,,,,,,,,N,N,
2025,5,2886,P,"Alayeto, Clarisa",H,8,ABC,,,R0001384,3/10/25,, Alissa Kahn,Kahn, Alissa,,,,M,New York,NY,10024,MD,St. Joseph's Health,703,Main Street,Paterson,NJ,175,175,0,4,,,,,,,,,,,,,,,,,,N,N,
2025,5,2886,P,"Alayeto, Clarisa",H,8,ABC,,,R0001375,3/9/25,, Joshua Nash,Nash, Joshua,,,,M,New York,NY,10023,Investor,Ulysses Management,1,Rockefeller Plaza,New York,NY,175,175,0,4,,,,,,,,,,,,,,,,,,N,N,
2025,5,2886,P,"Alayeto, Clarisa",H,8,ABC,,,R0001385,3/11/25,, Zoya Raynes,Raynes, Zoya,,,,M,New York,NY,10023,Sales,Bank of America,1,Bryant Park,New York,NY,175,175,0,4,,,,,,,,,,,,,,,,,,N,N,
2025,5,2886,P,"Alayeto, Clarisa",H,7,ABC,,,R0000254,1/8/25,, Noelle Santos,Santos, Noelle,,,,X,Bronx,NY,10454,Business Owner,The Lit. Bar,131,Alexander Avenue,Bronx,NY,175,175,0,4,,,,,,,,,,,,,,,,,,N,N,
2025,5,2886,P,"Alayeto, Clarisa",H,7,ABC,,,R0000140,12/19/24,, Marco Shalma,Shalma, Marco,,,,M,New York,NY,10026,Producer,Self-Employed,45,Bruckner Boulevard,The Bronx,NY,175,175,0,4,,,,,,,,,,,,,,,,,,N,N,
2025,5,2886,P,"Alayeto, Clarisa",H,8,ABC,,,R0001378,3/9/25,, Seth Siegel,Siegel, Seth,,,,M,"New York, NY",NY,10024,Writer,Self-Employed,300,Central Park West,New York,NY,175,175,0,4,,,,,,,,,,,,,,,,,,N,N,
2025,5,2886,P,"Alayeto, Clarisa",H,8,ABC,,,R0001341,3/4/25,, Deepmalya Ghosh,Ghosh, Deepmalya,,,,Q,Bellerose,NY,11426,Consultant,Self-Employed,89-03,250th Street,Bellerose,NY,150,0,0,4,,,,,,,,,,,,,,,,,,N,N,
2025,5,2886,P,"Alayeto, Clarisa",H,8,ABC,,,R0001304,2/22/25,, Elan Nieves,Nieves, Elan,,,,M,New York,NY,10029,Attorney,Dataiku,25,W 25 th,Ny,NY,150,150,0,4,,,,,,,,,,,,,,,,,,N,N,
2025,5,2886,P,"Alayeto, Clarisa",H,7,ABC,,,R0000204,1/2/25,, Tai Ramos Emeghebo,Ramos Emeghebo, Tai,,,,Q,Rego Park,NY,11374,Senior RM,JPM,6125,97th Street,Rego Park,NY,150,150,0,4,,,,,,,,,,,,,,,,,,N,N,
2025,5,2886,P,"Alayeto, Clarisa",H,7,ABC,,,R0000111,12/14/24,, Jessica Rivera,Rivera, Jessica,,,,X,The Bronx,NY,10455,Teacher,NYCDOE,165,Brown Place,The Bronx,NY,150,150,0,4,,,,,,,,,,,,,,,,,,N,N,
2025,5,2886,P,"Alayeto, Clarisa",H,7,ABC,,,R0000287,1/11/25,, Ryan Williams,Williams, Ryan,,,,Z,Yonkers,NY,10701,Consultant,"Sabali, LLC",30,Ashburton Ave,Yonkers,NY,150,0,0,4,,,,,,,,,,,,,,,,,,N,N,
2025,5,2886,P,"Alayeto, Clarisa",H,8,ABC,,,R0001372,3/9/25,, Tamar Remz,Remz, Tamar,,,,M,New York,NY,10028,Philanthropy,The Palm Collective,25,East 83rd Street,New York,NY,108,0,0,4,,,,,,,,,,,,,,,,,,N,N,
2025,5,2886,P,"Alayeto, Clarisa",H,7,ABC,,,R0000289,1/11/25,, Jason Acosta,Acosta, Jason,,,,X,Bronx,NY,10454,Education,NYC Department of Education,65,Court Street,Brooklyn,NY,100,100,0,4,,,,,,,,,,,,,,,,,,N,N,
2025,5,2886,P,"Alayeto, Clarisa",H,8,ABC,,,R0001397,3/13/25,, April Alvarez,Alvarez, April,,,,X,The Bronx,NY,10473,Principal/Owner,She Builds Safety Group Inc.,118,Neptune Court,The Bronx,NY,100,0,0,4,,,,,,,,,,,,,,,,,,N,N,
2025,5,2886,P,"Alayeto, Clarisa",H,7,ABC,,,R0000169,12/26/24,, Evelyn Alvarez,Alvarez, Evelyn,,,,X,Bronx,NY,10454,Co-Executive Director,BxReBirth,122,Alexander Avenue,Bronx,NY,100,0,0,4,,,,,,,,,,,,,,,,,,N,N,
2025,5,2886,P,"Alayeto, Clarisa",H,8,ABC,,,R0001247,1/18/25,, Rachel Amankulor,Amankulor, Rachel,,,,Z,New York,PA,19130,Non-profit executive,Charter School Growth Fund,1390,Lawrence Street,Denver,CO,100,0,0,4,,,,,,,,,,,,,,,,,,N,N,
2025,5,2886,P,"Alayeto, Clarisa",H,8,ABC,,,R0001359,3/6/25,, Danny Ayala,Ayala, Danny,,,,X,The Bronx,NY,10451,Sr Director of Operations,Hugo boss,55,Water Street,New York,NY,100,100,0,4,,,,,,,,,,,,,,,,,,N,N,
2025,5,2886,P,"Alayeto, Clarisa",H,7,ABC,,,R0000105,12/13/24,, Pedro Ayala,Ayala, Pedro,,,,Q,Flushing,NY,11385,Maintenance/Facilities,DREAM,20,Bruckner Boulevard,The Bronx,NY,100,100,0,4,,,,,,,,,,,,,,,,,,N,N,
2025,5,2886,P,"Alayeto, Clarisa",H,7,ABC,,,R0000033,12/6/24,, Sarah Baglio,Baglio, Sarah,,,,X,The Bronx,NY,10463,Teacher,Ethical Culture Fieldston Scho,3901,Fieldston Road,The Bronx,NY,100,100,0,4,,,,,,,,,,,,,,,,,,N,N,
2025,5,2886,P,"Alayeto, Clarisa",H,8,ABC,,,R0000296,1/12/25,, Linda Baldwin,Baldwin, Linda,,,,X,Bronx,NY,10464,Attorney,Vásquez Attorneys at Law PC,141,Parkway Road,Bronxville,NY,100,100,0,4,,,,,,,,,,,,,,,,,,N,N,
2025,5,2886,P,"Alayeto, Clarisa",H,7,ABC,,,R0000096,12/12/24,, Mildred Taina Beaton,Beaton, Mildred Taina,,,,X,The Bronx,NY,10454,Administrative Clerk,New York Presbyterian Weill Co,523,East 70th Street,New York,NY,100,100,0,4,,,,,,,,,,,,,,,,,,N,N,
2025,5,2886,P,"Alayeto, Clarisa",H,7,ABC,,,R0000282,1/11/25,, Lorenzo Bernardez,Bernardez, Lorenzo,,,,M,New York,NY,10009,Community Coordinator/ Dean of,Inwood Early College,650,Academy Street,New York,NY,100,100,0,4,,,,,,,,,,,,,,,,,,N,N,
2025,5,2886,P,"Alayeto, Clarisa",H,7,ABC,,,R0000022,12/4/24,, Hector Bonilla,Bonilla, Hector,,,,Z,Perth Amboy,NJ,08861,Retired,,,,,,100,0,0,4,,,,,,,,,,,,,,,,,,N,N,
2025,5,2886,P,"Alayeto, Clarisa",H,7,ABC,,,R0000231,1/5/25,, Maryann Browning,Browning, Maryann,,,,M,New York,NY,10021,Fitness and health,Self-Employed,28,East 72nd Street,New York,NY,100,100,0,4,,,,,,,,,,,,,,,,,,N,N,
2025,5,2886,P,"Alayeto, Clarisa",H,7,ABC,,,R0000128,12/18/24,, Richard Camacho,Camacho, Richard,,,,Z,Elmsford,NY,10523,Facilities director,St lukes,487,Hudson Street,New York,NY,100,0,0,4,,,,,,,,,,,,,,,,,,N,N,
2025,5,2886,P,"Alayeto, Clarisa",H,7,ABC,,,R0000054,12/8/24,, Leonardo Coello,Coello, Leonardo,,,,X,Bronx,NY,10456,Borough Director,Mayor’s Office,654,Crotona Park South,Bronx,NY,100,100,0,4,,,,,,,,,,,,,,,,,,N,N,
2025,5,2886,P,"Alayeto, Clarisa",H,8,ABC,,,R0001264,2/3/25,, Eve Colavito,Colavito, Eve,,,,K,Brooklyn,NY,11218,Educator,DREAM,1991,2nd Avenue,New York,NY,100,0,0,4,,,,,,,,,,,,,,,,,,N,N,
2025,5,2886,P,"Alayeto, Clarisa",H,7,ABC,,,R0000092,12/11/24,, Ana Dalmau,Dalmau, Ana,,,,X,The Bronx,NY,10463,Retired,,,,,,100,100,0,4,,,,,,,,,,,,,,,,,,N,N,
2025,5,2886,P,"Alayeto, Clarisa",H,7,ABC,,,R0000122,12/17/24,, MIchael DArmi,DArmi, MIchael,,,,Z,bloomfield,NJ,07003,Director CD,Leadership for Educational Equ,25,Broadway,New York,NY,100,0,0,4,,,,,,,,,,,,,,,,,,N,N,
2025,5,2886,P,"Alayeto, Clarisa",H,8,ABC,,,R0001255,1/23/25,, Amber Davis-Prince,Davis-Prince, Amber,,,,Z,Marrero,LA,70072,Education Reform,Leaders of Color,276,5th Avenue,New York,NY,100,0,0,4,,,,,,,,,,,,,,,,,,N,N,
2025,5,2886,P,"Alayeto, Clarisa",H,7,ABC,,,R0000223,1/3/25,, Colleen Doran,Doran, Colleen,,,,M,New York,NY,10027,Fundraising,DREAM,1991,2nd Avenue,New York,NY,100,100,0,4,,,,,,,,,,,,,,,,,,N,N,
2025,5,2886,P,"Alayeto, Clarisa",H,8,ABC,,,R0001241,1/18/25,, Claire Estimebrezeau,Estimebrezeau, Claire,,,,X,The Bronx,NY,10456,Teacher,Department of Education,65,Court Street,Brooklyn,NY,100,100,0,4,,,,,,,,,,,,,,,,,,N,N,
2025,5,2886,P,"Alayeto, Clarisa",H,8,ABC,,,R0001350,3/6/25,, Jennifer Fontan,Fontan, Jennifer,,,,Z,Bedford,NY,10506,Executive Coach,Self-Employed,PO,Box 414,Bedford,NY,100,0,0,4,,,,,,,,,,,,,,,,,,N,N,
2025,5,2886,P,"Alayeto, Clarisa",H,7,ABC,,,R0000253,1/8/25,, Hilda Gerena DIaz,Gerena DIaz, Hilda,,,,X,The Bronx,NY,10473,Supv,Port Authority of New York and,241,Erie Street,Jersey City,NJ,100,100,0,4,,,,,,,,,,,,,,,,,,N,N,
2025,5,2886,P,"Alayeto, Clarisa",H,7,ABC,,,R0000138,12/19/24,, Milenis Gonzalez,Gonzalez, Milenis,,,,Z,Monroe,NY,10950,Government Contractor,DLH,8757,Georgia Avenue,Silver Spring,MD,100,0,0,4,,,,,,,,,,,,,,,,,,N,N,
2025,5,2886,P,"Alayeto, Clarisa",H,8,ABC,,,R0001309,2/22/25,, tracey goodman,goodman, tracey,,,,X,The Bronx,NY,10456,artist/bookkeeper,Self-Employed,1100,Grand Concourse,The Bronx,NY,100,100,0,4,,,,,,,,,,,,,,,,,,N,N,
2025,5,2886,P,"Alayeto, Clarisa",H,7,ABC,,,R0000018,12/3/24,, Yusuf Hasan,Hasan, Yusuf,,,,X,The Bronx,NY,10454,Chaplain,NYP/WCMC-MSKCC,1275,York Avenue,New York,NY,100,100,0,4,,,,,,,,,,,,,,,,,,N,N,
2025,5,2886,P,"Alayeto, Clarisa",H,7,ABC,,,R0000146,12/20/24,, Kalila Hoggard,Hoggard, Kalila,,,,Z,New Rochelle,NY,10801,Education,DREAM,1991,2nd Avenue,New York,NY,100,0,0,4,,,,,,,,,,,,,,,,,,N,N,
2025,5,2886,P,"Alayeto, Clarisa",H,7,ABC,,,R0000159,12/24/24,, Reginald Howard,Howard, Reginald,,,,Z,Mount Vernon,NY,10552,Retired,,,,,,100,0,0,4,,,,,,,,,,,,,,,,,,N,N,
2025,5,2886,P,"Alayeto, Clarisa",H,8,ABC,,,R0001269,2/4/25,, Yael Jekogian,Jekogian, Yael,,,,M,New York,NY,10028,Political Consultant,Self,171,E 84th St.,New York,NY,100,100,0,4,,,,,,,,,,,,,,,,,,N,N,
2025,5,2886,P,"Alayeto, Clarisa",H,8,ABC,,,R0001402,3/13/25,, Melo King,King, Melo,,,,M,New York,NY,10029,Unemployed,,,,,,100,100,0,4,,,,,,,,,,,,,,,,,,N,N,
2025,5,2886,P,"Alayeto, Clarisa",H,7,ABC,,,R0000073,12/10/24,, Nancy Kuperman,Kuperman, Nancy,,,,Z,Bronxville,NY,10708,Retired,,,,,,100,0,0,4,,,,,,,,,,,,,,,,,,N,N,
2025,5,2886,P,"Alayeto, Clarisa",H,7,ABC,,,R0000152,12/23/24,, DIANA LEONARD,LEONARD, DIANA,,,,X,Bronx,NY,10473,Unemployed,,,,,,100,100,0,4,,,,,,,,,,,,,,,,,,N,N,
2025,5,2886,P,"Alayeto, Clarisa",H,8,ABC,,,R0001386,3/11/25,, AnnMarie Martinez,Martinez, AnnMarie,,,,Z,Longmeadow,MA,01106,Vp of Managed Care,Baycare,280,Chestnut Street,Springfield,MA,100,0,0,4,,,,,,,,,,,,,,,,,,N,N,
2025,5,2886,P,"Alayeto, Clarisa",H,7,ABC,,,R0000032,12/6/24,, John Marxuach,Marxuach, John,,,,X,The Bronx,NY,10467,Chemical Engineer Specialist,Sun Chemical Corporation,1057,Lower South Street,Peekskill,NY,100,0,0,4,,,,,,,,,,,,,,,,,,N,N,
2025,5,2886,P,"Alayeto, Clarisa",H,7,ABC,,,R0000042,12/7/24,, Leslie Mercado,Mercado, Leslie,,,,X,The Bronx,NY,10451,Outreach Specialist,BRC Bowery residence committee,315,West 35th Street,New York,NY,100,100,0,4,,,,,,,,,,,,,,,,,,N,N,
2025,5,2886,P,"Alayeto, Clarisa",H,7,ABC,,,R0000294,1/11/25,, Jackeline Montalvo,Montalvo, Jackeline,,,,K,Brooklyn,NY,11201,Communications,Self-Employed,45,Grace Court,Brooklyn,NY,100,100,0,4,,,,,,,,,,,,,,,,,,N,N,
2025,5,2886,P,"Alayeto, Clarisa",H,8,ABC,,,R0001323,2/25/25,, Iman Nelson,Nelson, Iman,,,,K,Brooklyn,NY,11221,Marketing,Museum of Arts and Design,2,Columbus Circl,New York,NY,100,100,0,4,,,,,,,,,,,,,,,,,,N,N,
2025,5,2886,P,"Alayeto, Clarisa",H,7,ABC,,,R0000089,12/11/24,, Kay Parker,Parker, Kay,,,,X,New York,NY,10463,CASEWORKER,DSS/HRA,151,West Broadway,New York,NY,100,100,0,4,,,,,,,,,,,,,,,,,,N,N,
2025,5,2886,P,"Alayeto, Clarisa",H,8,ABC,,,R0001281,2/12/25,, Leanna Pearson,Pearson, Leanna,,,,K,Brooklyn,NY,11238,Student,,,,,,100,100,0,4,,,,,,,,,,,,,,,,,,N,N,
2025,5,2886,P,"Alayeto, Clarisa",H,8,ABC,,,R0001339,3/4/25,, Joyce Pulphus,Pulphus, Joyce,,,,X,The Bronx,NY,10462,Principal,Department of Education,333,East 151st Street,The Bronx,NY,100,100,0,4,,,,,,,,,,,,,,,,,,N,N,
2025,5,2886,P,"Alayeto, Clarisa",H,7,ABC,,,R0000151,12/23/24,, Ivonne Quinones,Quinones, Ivonne,,,,X,Bronx,NY,10451,Homemaker,,,,,,100,100,0,4,,,,,,,,,,,,,,,,,,N,N,
2025,5,2886,P,"Alayeto, Clarisa",H,7,ABC,,,R0000082,12/11/24,, Racquel Reid,Reid, Racquel,,,,M,New York,NY,10039,Mental Health Professional,Inclusive Therapy LCSW,2495,Third Avenue,The Bronx,NY,100,0,0,4,,,,,,,,,,,,,,,,,,N,N,
2025,5,2886,P,"Alayeto, Clarisa",H,7,ABC,,,R0000252,1/8/25,, Ken Roper,Roper, Ken,,,,X,The Bronx,NY,10451,Union Representative,Teamsters Local 237,216,West 14th Street,New York,NY,100,100,0,4,,,,,,,,,,,,,,,,,,N,N,
2025,5,2886,P,"Alayeto, Clarisa",H,8,ABC,,,R0001343,3/5/25,, Andrew Roth,Roth, Andrew,,,,X,The Bronx,NY,10454,Real Estate Broker,Self-Employed,300,East 42nd Street,New York,NY,100,100,0,4,,,,,,,,,,,,,,,,,,N,N,
2025,5,2886,P,"Alayeto, Clarisa",H,7,ABC,,,R0000057,12/9/24,, Maribel & Maric Sainez,Sainez, Maribel & Maric,,,,Z,OAKLAND,CA,94602-355,Education,Aspire Public Schools,1001,22nd Avenue,Oakland,CA,100,0,0,4,,,,,,,,,,,,,,,,,,N,N,
2025,5,2886,P,"Alayeto, Clarisa",H,8,ABC,,,R0001358,3/6/25,, Mirtha santana,santana, Mirtha,,,,Q,Glendale,NY,11385,Non profit,HEC,5926,cooper ave,Glendale,NY,100,100,0,4,,,,,,,,,,,,,,,,,,N,N,
2025,5,2886,P,"Alayeto, Clarisa",H,8,ABC,,,R0001232,1/16/25,, Lisa Sorin,Sorin, Lisa,,,,X,Bronx,NY,10461,President,The Bronx Chamber of Commerce,1200,Waters Place,Bronx,NY,100,0,0,4,,,,,,,,,,,,,,,,,,N,N,
2025,5,2886,P,"Alayeto, Clarisa",H,7,ABC,,,R0000245,1/8/25,, Derick Spaulding,Spaulding, Derick,,,,X,Bronx,NY,10451,Network CEO,AECI Charter Schools Network,838,Brook Avenue,The Bronx,NY,100,0,0,4,,,,,,,,,,,,,,,,,,N,N,
2025,5,2886,P,"Alayeto, Clarisa",H,7,ABC,,,R0000283,1/11/25,, Charles Thorney,Thorney, Charles,,,,X,Bronx,NY,10456,Unemployed,,,,,,100,100,0,4,,,,,,,,,,,,,,,,,,N,N,
2025,5,2886,P,"Alayeto, Clarisa",H,7,ABC,,,R0000028,12/5/24,, Esterlin Valdez,Valdez, Esterlin,,,,X,The Bronx,NY,10451,Unemployed,,,,,,100,100,0,4,,,,,,,,,,,,,,,,,,N,N,
2025,5,2886,P,"Alayeto, Clarisa",H,8,ABC,,,R0001346,3/5/25,, tamanna vaswani,vaswani, tamanna,,,,K,Brooklyn,NY,11226,Social work,Bigs & Littles NYC Mentoring,137,East 2nd Street,New York,NY,100,100,0,4,,,,,,,,,,,,,,,,,,N,N,
2025,5,2886,P,"Alayeto, Clarisa",H,8,ABC,,,R0001307,2/22/25,, heidi wenzel,wenzel, heidi,,,,X,The Bronx,NY,10454,Homemaker,,,,,,100,100,0,4,,,,,,,,,,,,,,,,,,N,N,
2025,5,2886,P,"Alayeto, Clarisa",H,8,ABC,,,R0001259,1/31/25,, Casey Williams,Williams, Casey,,,,Z,New Rochelle,NY,10801,Dir of Facilities,Dream Charter School,1991,2nd Avenue,New York,NY,100,0,0,4,,,,,,,,,,,,,,,,,,N,N,
2025,5,2886,P,"Alayeto, Clarisa",H,7,ABC,,,R0000131,12/19/24,, Kizmahr Grell,Grell, Kizmahr,,,,Q,Laurelton,NY,11413,Athletics Manager,Dream Charter School,20,Bruckner Boulevard,The Bronx,NY,75,75,0,4,,,,,,,,,,,,,,,,,,N,N,
2025,5,2886,P,"Alayeto, Clarisa",H,7,ABC,,,R0000264,1/9/25,, Natalys Alayeto,Alayeto, Natalys,,,,Z,Milwaukee,WI,53219,Regional regulatory,Ascension,375,West River Woods Parkway,Glendale,WI,50,0,0,4,,,,,,,,,,,,,,,,,,N,N,
2025,5,2886,P,"Alayeto, Clarisa",H,8,ABC,,,R0001279,2/10/25,, Natalys Alayeto,Alayeto, Natalys,,,,Z,Milwaukee,WI,53219,Healthcare,Ascension,400,w riverwoods,Milwaukee,WI,50,0,0,4,,,,,,,,,,,,,,,,,,N,N,
2025,5,2886,P,"Alayeto, Clarisa",H,8,ABC,,,R0001319,2/25/25,, Natalys Alayeto,Alayeto, Natalys,,,,Z,Milwaukee,WI,53219,Healthcare,Ascension Wisconsin,6900,North Port Washington Road,Glendale,WI,50,0,0,4,,,,,,,,,,,,,,,,,,N,N,
2025,5,2886,P,"Alayeto, Clarisa",H,7,ABC,,,R0000184,12/29/24,, ngande ambroise,ambroise, ngande,,,,X,Bronx,NY,10455,Its,Nyc,15,MetroTech Center,New York,NY,50,50,0,4,,,,,,,,,,,,,,,,,,N,N,
2025,5,2886,P,"Alayeto, Clarisa",H,7,ABC,,,R0000014,12/3/24,, Ivelyse Andino,Andino, Ivelyse,,,,X,Bronx,NY,10454,Entrepreneur,Self-Employed,468,E 138th Street,Bronx,NY,50,0,0,4,,,,,,,,,,,,,,,,,,N,N,
2025,5,2886,P,"Alayeto, Clarisa",H,7,ABC,,,R0000242,1/7/25,, Deborah Aviles,Aviles, Deborah,,,,X,Bronx,NY,10454,Educator,FEC/DOE,355,East 143rd Street,Bronx,NY,50,50,0,4,,,,,,,,,,,,,,,,,,N,N,
2025,5,2886,P,"Alayeto, Clarisa",H,8,ABC,,,R0001260,2/1/25,, Matthew B Albert,B Albert, Matthew,,,,K,Brooklyn,NY,11216,CEO,Malbert Media,626,Lincoln Pl.,Brooklyn,NY,50,50,0,4,,,,,,,,,,,,,,,,,,N,N,
2025,5,2886,P,"Alayeto, Clarisa",H,7,ABC,,,R0001173,1/8/25,, Genevieve Baez,Baez, Genevieve,,,,X,Bronx,NY,10454,,Delta Airlines,JFK,,,,50,50,0,1,,,,,,,,,,,,,,,,,,N,N,
2025,5,2886,P,"Alayeto, Clarisa",H,7,ABC,,,R0000133,12/19/24,, Carmen Bonilla,Bonilla, Carmen,,,,M,New York,NY,10031,Director of Patient Relations,Trustees of Columbia Universit,630,West 168th Street,New York,NY,50,50,0,4,,,,,,,,,,,,,,,,,,N,N,
2025,5,2886,P,"Alayeto, Clarisa",H,8,ABC,,,R0001362,3/7/25,, Carmen Bonilla,Bonilla, Carmen,,,,M,New York,NY,10031,Director of Patient Relations,Columbia University College of,168,630 West,New York,NY,50,50,0,4,,,,,,,,,,,,,,,,,,N,N,
2025,5,2886,P,"Alayeto, Clarisa",H,7,ABC,,,R0000136,12/19/24,, Leticia Bonilla,Bonilla, Leticia,,,,M,New York,NY,10032,Nurse,Newest Jewish home,120,West 106th Street,New York,NY,50,50,0,4,,,,,,,,,,,,,,,,,,N,N,
2025,5,2886,P,"Alayeto, Clarisa",H,7,ABC,,,R0000191,1/2/25,, Rebecca Bota,Bota, Rebecca,,,,K,Brooklyn,NY,11214,Bus operator,MTA Bus Company,12755,Flatlands Avenue,Brooklyn,NY,50,50,0,4,,,,,,,,,,,,,,,,,,N,N,
2025,5,2886,P,"Alayeto, Clarisa",H,7,ABC,,,R0000091,12/11/24,, Jessica Brenner,Brenner, Jessica,,,,M,New York,NY,10028,Fundraiser,DREAM,1991,2nd Avenue,New York,NY,50,50,0,4,,,,,,,,,,,,,,,,,,N,N,
2025,5,2886,P,"Alayeto, Clarisa",H,7,ABC,,,R0000115,12/16/24,, Jamal Brewer,Brewer, Jamal,,,,X,Bronx,NY,10454,Teamster,Met Opera,50,Lincoln Center Plaza,New York,NY,50,50,0,4,,,,,,,,,,,,,,,,,,N,N,
2025,5,2886,P,"Alayeto, Clarisa",H,7,ABC,,,R0000278,1/11/25,, Samuel Brooks,Brooks, Samuel,,,,Z,Pembroke Pines,FL,33026,Finance,Citigroup,388,Greenwich Street,New York,NY,50,0,0,4,,,,,,,,,,,,,,,,,,N,N,
2025,5,2886,P,"Alayeto, Clarisa",H,8,ABC,,,R0001261,2/1/25,, kushawn Broughton,Broughton, kushawn,,,,Z,Monroe,NY,10950,Cable wiring,Self-Employed,136,neptune dr,Monroe,NY,50,0,0,4,,,,,,,,,,,,,,,,,,N,N,
2025,5,2886,P,"Alayeto, Clarisa",H,7,ABC,,,R0000280,1/11/25,, Alexandra Brown Santoyo,Brown Santoyo, Alexandra,,,,M,New York,NY,10128,Proncipal,DREAM,20,Bruckner Boulevard,The Bronx,NY,50,50,0,4,,,,,,,,,,,,,,,,,,N,N,
2025,5,2886,P,"Alayeto, Clarisa",H,7,ABC,,,R0000017,12/3/24,, Rachel Brown,Brown, Rachel,,,,M,New York,NY,10029,Attorney,Inspector General,61,Broadway,NY,NY,50,50,0,4,,,,,,,,,,,,,,,,,,N,N,
2025,5,2886,P,"Alayeto, Clarisa",H,8,ABC,,,R0001257,1/29/25,, Michael Buman,Buman, Michael,,,,M,New York City,NY,10010,Director,LEE,25,Broadway,New York,NY,50,50,0,4,,,,,,,,,,,,,,,,,,N,N,
2025,5,2886,P,"Alayeto, Clarisa",H,7,ABC,,,R0000167,12/26/24,, Casim Burns,Burns, Casim,,,,X,The Bronx,NY,10451,Unemployed,,,,,,50,50,0,4,,,,,,,,,,,,,,,,,,N,N,
2025,5,2886,P,"Alayeto, Clarisa",H,8,ABC,,,R0001366,3/7/25,, CHARLIE CANDELARIO,CANDELARIO, CHARLIE,,,,X,Bronx,NY,10473,Paraprofessional,New York City Department of Ed,4600,Broadway,New York,NY,50,50,0,4,,,,,,,,,,,,,,,,,,N,N,
2025,5,2886,P,"Alayeto, Clarisa",H,7,ABC,,,R0000024,12/5/24,, Melissa Carreno,Carreno, Melissa,,,,M,NY,NY,10040,Administration,Urban Health Plan,272,East 138th Street,The Bronx,NY,50,50,0,4,,,,,,,,,,,,,,,,,,N,N,
2025,5,2886,P,"Alayeto, Clarisa",H,7,ABC,,,R0000197,1/2/25,, Melissa Cedeño,Cedeño, Melissa,,,,Z,Albany,NY,12203,Director,University at Albany,1400,Washington Avenue,Albany,NY,50,0,0,4,,,,,,,,,,,,,,,,,,N,N,
2025,5,2886,P,"Alayeto, Clarisa",H,8,ABC,,,R0001274,2/6/25,, Brigitte Charlton,Charlton, Brigitte,,,,X,The Bronx,NY,10454,Exec. Director,Self-Employed,383,East 143rd Street,The Bronx,NY,50,50,0,4,,,,,,,,,,,,,,,,,,N,N,
2025,5,2886,P,"Alayeto, Clarisa",H,8,ABC,,,R0000295,1/12/25,, Jenna Chrisphonte,Chrisphonte, Jenna,,,,Q,Douglaston,NY,11363,Executive Director,AyiboBooks,203,Grosvenor Street,Douglaston,NY,50,50,0,4,,,,,,,,,,,,,,,,,,N,N,
2025,5,2886,P,"Alayeto, Clarisa",H,7,ABC,,,R0000100,12/13/24,, Catherine Coger,Coger, Catherine,,,,Z,Valley Stream,NY,11581,Retired,,,,,,50,0,0,4,,,,,,,,,,,,,,,,,,N,N,
2025,5,2886,P,"Alayeto, Clarisa",H,8,ABC,,,R0001348,3/6/25,, Daren Collier,Collier, Daren,,,,X,The Bronx,NY,10462,Maintenance,Nyc,370 morr,370 parkchester,The Bronx,NY,50,50,0,4,,,,,,,,,,,,,,,,,,N,N,
2025,5,2886,P,"Alayeto, Clarisa",H,7,ABC,,,R0000237,1/6/25,, Donald Conyers,Conyers, Donald,,,,Q,Far Rockaway,NY,11692,Consultant,Self-Employed,856,New Jersey 33 Business,Freehold,NJ,50,50,0,4,,,,,,,,,,,,,,,,,,N,N,
2025,5,2886,P,"Alayeto, Clarisa",H,7,ABC,,,R0000027,12/5/24,, Maria Cowan,Cowan, Maria,,,,M,New York,NY,10029,Law Enforcement,NYS,ALBANY,Main St,Albany,NY,50,50,0,4,,,,,,,,,,,,,,,,,,N,N,
2025,5,2886,P,"Alayeto, Clarisa",H,7,ABC,,,R0000266,1/10/25,, Elisa Crespo,Crespo, Elisa,,,,X,The Bronx,NY,10457,Executive,Stonewall community foundation,231,West 29th Street,New York,NY,50,0,0,4,,,,,,,,,,,,,,,,,,N,N,
2025,5,2886,P,"Alayeto, Clarisa",H,8,ABC,,,R0001234,1/17/25,, Anne Donado,Donado, Anne,,,,Z,Yonkers,NY,10708,Homemaker,,,,,,50,0,0,4,,,,,,,,,,,,,,,,,,N,N,
2025,5,2886,P,"Alayeto, Clarisa",H,7,ABC,,,R0000190,1/2/25,, Michael Eagan,Eagan, Michael,,,,X,Bronx,NY,10457,Owner / Dj,Sankofa Haus LLC,2422,Third Avenue,The Bronx,NY,50,0,0,4,,,,,,,,,,,,,,,,,,N,N,
2025,5,2886,P,"Alayeto, Clarisa",H,7,ABC,,,R0000256,1/8/25,, Michael Eagan,Eagan, Michael,,,,X,Bronx,NY,10457,Owner / Dj,Sankofa Haus LLC,2422,Third Avenue,The Bronx,NY,50,0,50,4,,,,,,,,,,,,,,,,,,N,N,
2025,5,2886,P,"Alayeto, Clarisa",H,8,ABC,,,R0001330,2/28/25,, Zaimar Eusebio,Eusebio, Zaimar,,,,X,The Bronx,NY,10451,Kitchen leader,Pretty a manger,1320,York Avenue,New York,NY,50,50,0,4,,,,,,,,,,,,,,,,,,N,N,
2025,5,2886,P,"Alayeto, Clarisa",H,7,ABC,,,R0000147,12/20/24,, Nicholas Ferreira,Ferreira, Nicholas,,,,K,Brooklyn,NY,11201,Senior Vice President,The Child Center of NY,118-35,Queens Boulevard,Forest Hills,NY,50,0,0,4,,,,,,,,,,,,,,,,,,N,N,
2025,5,2886,P,"Alayeto, Clarisa",H,7,ABC,,,R0000112,12/15/24,, Leini Franco,Franco, Leini,,,,X,The Bronx,NY,10459,Sales manager,Charter Communications,2554,Broadway,New York,NY,50,50,0,4,,,,,,,,,,,,,,,,,,N,N,
2025,5,2886,P,"Alayeto, Clarisa",H,7,ABC,,,R0001221,1/11/25,, Destiny Garcia,Garcia, Destiny,,,,M,New York,NY,10029,Student,,,,,,50,50,0,1,,,,,,,,,,,,,,,,,,N,N,
2025,5,2886,P,"Alayeto, Clarisa",H,7,ABC,,,R0001227,1/11/25,, Vanessa Garcia,Garcia, Vanessa,,,,M,New York,NY,10029,Student,,,,,,50,50,0,1,,,,,,,,,,,,,,,,,,N,N,
2025,5,2886,P,"Alayeto, Clarisa",H,7,ABC,,,R0000062,12/9/24,, Fernando Gonzalez,Gonzalez, Fernando,,,,X,Bronx,NY,10461,Creative Director,Self-Employed,175,Walnut Avenue,Bronx,NY,50,0,0,4,,,,,,,,,,,,,,,,,,N,N,
2025,5,2886,P,"Alayeto, Clarisa",H,7,ABC,,,R0000265,1/10/25,, Tyjana Gonzalez,Gonzalez, Tyjana,,,,X,The Bronx,NY,10451,Property Manager,Greystar,355,Atlantic Street,Stamford,CT,50,50,0,4,,,,,,,,,,,,,,,,,,N,N,
2025,5,2886,P,"Alayeto, Clarisa",H,8,ABC,,,R0001345,3/5/25,, John Goodwin,Goodwin, John,,,,Z,Bogota,NJ,07603,Assistant Business Manager,NJ Veterans Memorial Hone - Pa,One,Veterans Way,Paramus,NJ,50,0,0,4,,,,,,,,,,,,,,,,,,N,N,
2025,5,2886,P,"Alayeto, Clarisa",H,8,ABC,,,R0001302,2/22/25,, Alicia Guzman,Guzman, Alicia,,,,X,The Bronx,NY,10456,Homemaker,,,,,,50,50,0,4,,,,,,,,,,,,,,,,,,N,N,
2025,5,2886,P,"Alayeto, Clarisa",H,7,ABC,,,R0000093,12/11/24,, Audrey Harden,Harden, Audrey,,,,X,Bronx,NY,10458,Retired,,,,,,50,50,0,4,,,,,,,,,,,,,,,,,,N,N,
2025,5,2886,P,"Alayeto, Clarisa",H,7,ABC,,,R0000166,12/26/24,, Christopher Heinrich,Heinrich, Christopher,,,,Q,Astoria,NY,11105,Social Worker,Manhattan DAs Office,1,Hogan Place,New York,NY,50,50,0,4,,,,,,,,,,,,,,,,,,N,N,
2025,5,2886,P,"Alayeto, Clarisa",H,7,ABC,,,R0000207,1/2/25,, Patricia Hirschler,Hirschler, Patricia,,,,Q,East Elmhurst,NY,11370,Program Evaluator,City of New York,150,William Street,New York,NY,50,50,0,4,,,,,,,,,,,,,,,,,,N,N,
2025,5,2886,P,"Alayeto, Clarisa",H,8,ABC,,,R0001373,3/9/25,, Patricia Hirschler,Hirschler, Patricia,,,,Q,East Elmhurst,NY,11370,Program Evaluator,NYC ACS,150,William Street,New York,NY,50,50,0,4,,,,,,,,,,,,,,,,,,N,N,
2025,5,2886,P,"Alayeto, Clarisa",H,8,ABC,,,R0001407,3/13/25,, Patricia Jenkins,Jenkins, Patricia,,,,Z,Valley Stream,NY,11580,Retired,,,,,,50,0,0,4,,,,,,,,,,,,,,,,,,N,N,
2025,5,2886,P,"Alayeto, Clarisa",H,7,ABC,,,R0000088,12/11/24,, DELANN Jones,Jones, DELANN,,,,Z,IRVING,TX,75062,Managed Care,Pfizer,1111,New York 25A,Stony Brook,NY,50,0,0,4,,,,,,,,,,,,,,,,,,N,N,
2025,5,2886,P,"Alayeto, Clarisa",H,7,ABC,,,R0000045,12/7/24,, Rakhee Kulkarni,Kulkarni, Rakhee,,,,Z,Melville,NY,11747,Administrator,Subhash Kulkarni,274,Altessa Boulevard,Melville,NY,50,0,0,4,,,,,,,,,,,,,,,,,,N,N,
2025,5,2886,P,"Alayeto, Clarisa",H,7,ABC,,,R0000246,1/8/25,, Maggie Lauer,Lauer, Maggie,,,,X,New York,NY,10454,Teacher,St Luke’s School,377,North Wilton Road,New Canaan,CT,50,50,0,4,,,,,,,,,,,,,,,,,,N,N,
2025,5,2886,P,"Alayeto, Clarisa",H,8,ABC,,,R0001273,2/5/25,, Dolores Leito,Leito, Dolores,,,,M,New York,NY,10039,Retired,,,,,,50,50,0,4,,,,,,,,,,,,,,,,,,N,N,
2025,5,2886,P,"Alayeto, Clarisa",H,8,ABC,,,R0001396,3/13/25,, Jacob Lipton,Lipton, Jacob,,,,M,New York,NY,10025,Consulting,Wallbrook,1177,6th Avenue,New York,NY,50,50,0,4,,,,,,,,,,,,,,,,,,N,N,
2025,5,2886,P,"Alayeto, Clarisa",H,7,ABC,,,R0000132,12/19/24,, Justis Lopez,Lopez, Justis,,,,X,The Bronx,NY,10454,Student,,,,,,50,50,0,4,,,,,,,,,,,,,,,,,,N,N,
2025,5,2886,P,"Alayeto, Clarisa",H,7,ABC,,,R0000038,12/6/24,, Nancy Maldonado,Maldonado, Nancy,,,,X,BRONX,NY,10467,Retired,,,,,,50,50,0,4,,,,,,,,,,,,,,,,,,N,N,
2025,5,2886,P,"Alayeto, Clarisa",H,7,ABC,,,R0000039,12/6/24,, Petra Maldonado,Maldonado, Petra,,,,X,Bronx,NY,10451,Homemaker,,,,,,50,50,0,4,,,,,,,,,,,,,,,,,,N,N,
2025,5,2886,P,"Alayeto, Clarisa",H,7,ABC,,,R0000075,12/10/24,, Katherine Malekoff,Malekoff, Katherine,,,,K,Brooklyn,NY,11231,Social Worker,Lost Debate Inc,219,Degraw St,Brooklyn,NY,50,50,0,4,,,,,,,,,,,,,,,,,,N,N,
2025,5,2886,P,"Alayeto, Clarisa",H,8,ABC,,,R0001365,3/7/25,, Dulce Martinez,Martinez, Dulce,,,,M,New York,NY,10029,Retired,,,,,,50,50,0,4,,,,,,,,,,,,,,,,,,N,N,
2025,5,2886,P,"Alayeto, Clarisa",H,8,ABC,,,R0001233,1/17/25,, Giovanni Martinez,Martinez, Giovanni,,,,X,The Bronx,NY,10451,Unemployed,,,,,,50,50,0,4,,,,,,,,,,,,,,,,,,N,N,
2025,5,2886,P,"Alayeto, Clarisa",H,8,ABC,,,R0001354,3/6/25,, Yolanda mccullough,mccullough, Yolanda,,,,X,Bronx,NY,10456,Senior Accountant,OLIVER SCHOLARS,15,Wall Street,New York,NY,50,50,0,4,,,,,,,,,,,,,,,,,,N,N,
2025,5,2886,P,"Alayeto, Clarisa",H,7,ABC,,,R0000049,12/7/24,, Alicia McGrath,McGrath, Alicia,,,,Z,Malverne,NY,11565,CEO,CFS,333,7th Avenue,New York,NY,50,0,0,4,,,,,,,,,,,,,,,,,,N,N,
2025,5,2886,P,"Alayeto, Clarisa",H,7,ABC,,,R0000243,1/7/25,, Adelia McIntosh,McIntosh, Adelia,,,,X,The Bronx,NY,10451,Management,New York City Transit,130,Livingston Street,Brooklyn,NY,50,50,0,4,,,,,,,,,,,,,,,,,,N,N,
2025,5,2886,P,"Alayeto, Clarisa",H,8,ABC,,,R0001335,3/3/25,, Klarissa Palacios,Palacios, Klarissa,,,,Z,Los Angeles,CA,90022,Educator,Ednovate,350,S. Figeroa,Los Angeles,CA,50,0,0,4,,,,,,,,,,,,,,,,,,N,N,
2025,5,2886,P,"Alayeto, Clarisa",H,7,ABC,,,R0000048,12/7/24,, Emily Parkey,Parkey, Emily,,,,Z,Denver,CO,80219,Collaboration Manager,Civic Canopy,52,Lowell Boulevard,Denver,CO,50,0,0,4,,,,,,,,,,,,,,,,,,N,N,
2025,5,2886,P,"Alayeto, Clarisa",H,7,ABC,,,R0000241,1/7/25,, AMANDA Perez,Perez, AMANDA,,,,X,The Bronx,NY,10465,Director,Rem Center Inc,111,Bruckner Boulevard,The Bronx,NY,50,0,0,4,,,,,,,,,,,,,,,,,,N,N,
2025,5,2886,P,"Alayeto, Clarisa",H,7,ABC,,,R0000012,12/3/24,, Roberto Perez,Perez, Roberto,,,,M,New York,NY,10029,Court attorney,New York State Unified Court S,265,East 161st Street,The Bronx,NY,50,50,0,4,,,,,,,,,,,,,,,,,,N,N,
2025,5,2886,P,"Alayeto, Clarisa",H,8,ABC,,,R0001398,3/13/25,, Yeison Pimentel,Pimentel, Yeison,,,,Z,Germantown,MD,20874,Senior claims adjuster,Erie Insurance,13435,Whitechurch Circle,Germantown,MD,50,0,0,4,,,,,,,,,,,,,,,,,,N,N,
2025,5,2886,P,"Alayeto, Clarisa",H,7,ABC,,,R0000102,12/13/24,, Jamie Platzer,Platzer, Jamie,,,,K,Brooklyn,NY,11233,Principal,DREAM,20,Bruckner Boulevard,The Bronx,NY,50,50,0,4,,,,,,,,,,,,,,,,,,N,N,
2025,5,2886,P,"Alayeto, Clarisa",H,7,ABC,,,R0000090,12/11/24,, Debbie Quinones,Quinones, Debbie,,,,M,New York,NY,10035,Public Health Representative I,Health Research Inc,90,Church Street,New York,NY,50,0,0,4,,,,,,,,,,,,,,,,,,N,N,
2025,5,2886,P,"Alayeto, Clarisa",H,7,ABC,,,R0000150,12/23/24,, Ivonne Quinones,Quinones, Ivonne,,,,X,Bronx,NY,10451,Homemaker,,,,,,50,50,0,4,,,,,,,,,,,,,,,,,,N,N,
2025,5,2886,P,"Alayeto, Clarisa",H,8,ABC,,,R0001329,2/26/25,, Emely Ramirez,Ramirez, Emely,,,,X,The Bronx,NY,10454,Teacher,DREAM Charter School,20,Bruckner Boulevard,The Bronx,NY,50,50,0,4,,,,,,,,,,,,,,,,,,N,N,
2025,5,2886,P,"Alayeto, Clarisa",H,7,ABC,,,R0000262,1/9/25,, Joye Rice,Rice, Joye,,,,X,The Bronx,NY,10454,Student,,,,,,50,50,0,4,,,,,,,,,,,,,,,,,,N,N,
2025,5,2886,P,"Alayeto, Clarisa",H,7,ABC,,,R0000291,1/11/25,, Yovani Rigual,Rigual, Yovani,,,,X,The Bronx,NY,10451,Retired,,,,,,50,50,0,4,,,,,,,,,,,,,,,,,,N,N,
2025,5,2886,P,"Alayeto, Clarisa",H,7,ABC,,,R0000154,12/23/24,, Jennifer Rivera,Rivera, Jennifer,,,,X,The Bronx,NY,10455,Teachers,NYCDOE,165,Brown Place,The Bronx,NY,50,50,0,4,,,,,,,,,,,,,,,,,,N,N,
2025,5,2886,P,"Alayeto, Clarisa",H,8,ABC,,,R0001331,2/28/25,, Dery Rodriguez,Rodriguez, Dery,,,,M,New York,NY,10038,Director,NYC DOE,52,Chambers Street,New York,NY,50,50,0,4,,,,,,,,,,,,,,,,,,N,N,
2025,5,2886,P,"Alayeto, Clarisa",H,7,ABC,,,R0000046,12/7/24,, Jose Rodriguez,Rodriguez, Jose,,,,X,The Bronx,NY,10454,Student,,,,,,50,50,0,4,,,,,,,,,,,,,,,,,,N,N,
2025,5,2886,P,"Alayeto, Clarisa",H,8,ABC,,,R0001258,1/31/25,, Lindsey Romero,Romero, Lindsey,,,,Z,Houston,TX,77027,Healthcare worker,Hospital,3623,West Alabama Street,Houston,TX,50,0,0,4,,,,,,,,,,,,,,,,,,N,N,
2025,5,2886,P,"Alayeto, Clarisa",H,8,ABC,,,R0001235,1/17/25,, Anthony Rosario,Rosario, Anthony,,,,Z,Rockville Centre,NY,11570,Social worker,Jcca foster care,544,Coolidge Avenue,Rockville Centre,NY,50,0,0,4,,,,,,,,,,,,,,,,,,N,N,
2025,5,2886,P,"Alayeto, Clarisa",H,8,ABC,,,R0001351,3/6/25,, Alex Ruiz,Ruiz, Alex,,,,M,New York,NY,10029,College Counselor,DREAM,20,Bruckner Boulevard,The Bronx,NY,50,50,0,4,,,,,,,,,,,,,,,,,,N,N,
2025,5,2886,P,"Alayeto, Clarisa",H,8,ABC,,,R0001284,2/15/25,, Rosa Sánchez,Sánchez, Rosa,,,,X,The Bronx,NY,10454,Wellnesscoach,Self-Employed,197,Brook Avenue,Bronx,NY,50,50,0,4,,,,,,,,,,,,,,,,,,N,N,
2025,5,2886,P,"Alayeto, Clarisa",H,8,ABC,,,R0001356,3/6/25,, Gabriela Silverio,Silverio, Gabriela,,,,Z,Yonkers,NY,10701,Manager,Bridge Builders,156,West 164 Street,Bronx,NY,50,0,0,4,,,,,,,,,,,,,,,,,,N,N,
2025,5,2886,P,"Alayeto, Clarisa",H,8,ABC,,,R0001333,3/3/25,, Melissa Sklarz,Sklarz, Melissa,,,,Q,Woodside,NY,11377,Retired,,,,,,50,50,0,4,,,,,,,,,,,,,,,,,,N,N,
2025,5,2886,P,"Alayeto, Clarisa",H,8,ABC,,,R0001347,3/6/25,, Richard Souto,Souto, Richard,,,,Z,New Paltz,NY,12561,Executive Director,LEAP,535,8th Avenue,New York,NY,50,0,0,4,,,,,,,,,,,,,,,,,,N,N,
2025,5,2886,P,"Alayeto, Clarisa",H,7,ABC,,,R0000081,12/11/24,, Deborah Steinberg,Steinberg, Deborah,,,,K,Brooklyn,NY,11232,Education Director,CUNY,423,West 55th Street,New York,NY,50,50,0,4,,,,,,,,,,,,,,,,,,N,N,
2025,5,2886,P,"Alayeto, Clarisa",H,7,ABC,,,R0000212,1/2/25,, Alice Tan,Tan, Alice,,,,M,New York,NY,10025,Chief of Staff,DREAM,1991,2nd Avenue,New York,NY,50,50,0,4,,,,,,,,,,,,,,,,,,N,N,
2025,5,2886,P,"Alayeto, Clarisa",H,8,ABC,,,R0001352,3/6/25,, Brandon Taylor,Taylor, Brandon,,,,Z,White Plains,NY,10607,Educator,Mott Haven Academy,170,Brown Place,The Bronx,NY,50,0,0,4,,,,,,,,,,,,,,,,,,N,N,
2025,5,2886,P,"Alayeto, Clarisa",H,7,ABC,,,R0000240,1/6/25,, Sonia Tirado,Tirado, Sonia,,,,X,The Bronx,NY,10465,Social worker,NYCDOE,388,West 125th Street,New York,NY,50,50,0,4,,,,,,,,,,,,,,,,,,N,N,
2025,5,2886,P,"Alayeto, Clarisa",H,7,ABC,,,R0000098,12/12/24,, Jeannie Valencia,Valencia, Jeannie,,,,X,The Bronx,NY,10454,Vice President,Enco International,230,Park Avenue,New York,NY,50,50,0,4,,,,,,,,,,,,,,,,,,N,N,
2025,5,2886,P,"Alayeto, Clarisa",H,7,ABC,,,R0000193,1/2/25,, Quiana Valerio,Valerio, Quiana,,,,Z,Pine Bush,NY,12566,Director of facilities,The new york public library,11,West 40th Street,New york,NY,50,0,0,4,,,,,,,,,,,,,,,,,,N,N,
2025,5,2886,P,"Alayeto, Clarisa",H,7,ABC,,,R0000047,12/7/24,, Marisol Valverde,Valverde, Marisol,,,,X,The Bronx,NY,10472,Dispatcher,NYPD,1,Police Plaza Path,New York,NY,50,50,0,4,,,,,,,,,,,,,,,,,,N,N,
2025,5,2886,P,"Alayeto, Clarisa",H,8,ABC,,,R0001367,3/7/25,, Marisol Valverde,Valverde, Marisol,,,,X,The Bronx,NY,10472,911 dispatcher,Nypd,350,Marconi Street,The Bronx,NY,50,50,0,4,,,,,,,,,,,,,,,,,,N,N,
2025,5,2886,P,"Alayeto, Clarisa",H,7,ABC,,,R0000176,12/27/24,, Connie Vargas,Vargas, Connie,,,,Z,Newark,NJ,07106,Administration,Mount Sinai Queens,25-10,30th Avenue,Astoria,NY,50,0,0,4,,,,,,,,,,,,,,,,,,N,N,
2025,5,2886,P,"Alayeto, Clarisa",H,8,ABC,,,R0001400,3/13/25,, YaYa Vargas,Vargas, YaYa,,,,M,New York,NY,10036,Record Label CEO,Self-Employed,447,West 43rd Street,New York,NY,50,50,0,4,,,,,,,,,,,,,,,,,,N,N,
2025,5,2886,P,"Alayeto, Clarisa",H,7,ABC,,,R0000052,12/7/24,, Darryl Walker,Walker, Darryl,,,,X,The Bronx,NY,10475,Retired,,,,,,50,50,0,4,,,,,,,,,,,,,,,,,,N,N,
2025,5,2886,P,"Alayeto, Clarisa",H,7,ABC,,,R0000072,12/10/24,, Margie Weiner,Weiner, Margie,,,,M,New York,NY,10026,Education Non-Profit,Harlem RBI,1991,2nd Avenue,New York,NY,50,50,0,4,,,,,,,,,,,,,,,,,,N,N,
2025,5,2886,P,"Alayeto, Clarisa",H,8,ABC,,,R0001357,3/6/25,, Aaron White,White, Aaron,,,,M,New York,NY,10026,NA,Self-Employed,150,Varick st,New York,NY,50,50,0,4,,,,,,,,,,,,,,,,,,N,N,
2025,5,2886,P,"Alayeto, Clarisa",H,7,ABC,,,R0000230,1/4/25,, Leroy Williams,Williams, Leroy,,,,X,The Bronx,NY,10454,Vice President,NYCHA,90,Church Street,New York,NY,50,50,0,4,,,,,,,,,,,,,,,,,,N,N,
2025,5,2886,P,"Alayeto, Clarisa",H,8,ABC,,,R0001256,1/27/25,, Evan Yagerman,Yagerman, Evan,,,,Z,East Williston,NY,11596,Attorney,Smith Mazure PC,39,Broadway,New York,NY,50,0,0,4,,,,,,,,,,,,,,,,,,N,N,
2025,5,2886,P,"Alayeto, Clarisa",H,8,ABC,,,R0001250,1/18/25,, Meleeka Crawford,Crawford, Meleeka,,,,X,The Bronx,NY,10456,Finance,Medco,3541,Tryon Avenue,The Bronx,NY,40,40,0,4,,,,,,,,,,,,,,,,,,N,N,
2025,5,2886,P,"Alayeto, Clarisa",H,7,ABC,,,R0001224,1/11/25,, Georgina Garcia,Garcia, Georgina,,,,M,New York,NY,10029,,,,,,,40,40,0,1,,,,,,,,,,,,,,,,,,N,N,
2025,5,2886,P,"Alayeto, Clarisa",H,7,ABC,,,R0000125,12/17/24,, Dulce Martinez,Martinez, Dulce,,,,M,New York,NY,10029,Retired,,,,,,40,40,0,4,,,,,,,,,,,,,,,,,,N,N,
2025,5,2886,P,"Alayeto, Clarisa",H,7,ABC,,,R0000085,12/11/24,, Ana Rader,Rader, Ana,,,,K,Brooklyn,NY,11216,Recruitment,DREAM,1991,2nd Avenue,New York,NY,36,36,0,4,,,,,,,,,,,,,,,,,,N,N,
2025,5,2886,P,"Alayeto, Clarisa",H,8,ABC,,,R0001301,2/22/25,, Juan Alvarez,Alvarez, Juan,,,,X,The Bronx,NY,10453,Unemployed,,,,,,30,30,0,4,,,,,,,,,,,,,,,,,,N,N,
2025,5,2886,P,"Alayeto, Clarisa",H,7,ABC,,,R0000233,1/5/25,, Tierra carter,carter, Tierra,,,,M,New York,NY,10029,Unemployed,,,,,,30,30,0,4,,,,,,,,,,,,,,,,,,N,N,
2025,5,2886,P,"Alayeto, Clarisa",H,7,ABC,,,R0000213,1/2/25,, Nery Pena,Pena, Nery,,,,M,New York,NY,10029,Paraprofessional,DOE,500,West 160th Street,New York,NY,30,30,0,4,,,,,,,,,,,,,,,,,,N,N,
2025,5,2886,P,"Alayeto, Clarisa",H,8,ABC,,,R0001254,1/22/25,, madai velez,velez, madai,,,,X,The Bronx,NY,10473,Liaison,Engineering,1877,Webster Avenue,The Bronx,NY,30,30,0,4,,,,,,,,,,,,,,,,,,N,N,
2025,5,2886,P,"Alayeto, Clarisa",H,8,ABC,,,R0001295,2/21/25,, Victoria Acevedo,Acevedo, Victoria,,,,Z,New Windsor,NY,12553,Police officer,Nypd,306,West 54th Street,New York,NY,25,0,0,4,,,,,,,,,,,,,,,,,,N,N,
2025,5,2886,P,"Alayeto, Clarisa",H,7,ABC,,,R0000086,12/11/24,, Gladys Aidoo,Aidoo, Gladys,,,,Z,Washingtonville,NY,10992,Police,NYC,1,Police Plaza Path,New York,NY,25,0,0,4,,,,,,,,,,,,,,,,,,N,N,
2025,5,2886,P,"Alayeto, Clarisa",H,8,ABC,,,R0001276,2/10/25,, Jonas Andrade e Silva,Andrade e Silva, Jonas,,,,X,Bronx,NY,10454,Server,Rosa’s at Park,2568,Park Ave,Bronx,NY,25,25,0,4,,,,,,,,,,,,,,,,,,N,N,
2025,5,2886,P,"Alayeto, Clarisa",H,8,ABC,,,R0001416,3/13/25,, Maribel Aquino,Aquino, Maribel,,,,Z,Roebuck,SC,29376,Retired,,,,,,25,0,0,4,,,,,,,,,,,,,,,,,,N,N,
2025,5,2886,P,"Alayeto, Clarisa",H,7,ABC,,,R0000236,1/6/25,, Alexandra Aviles,Aviles, Alexandra,,,,X,The Bronx,NY,10454,Admin,Columbia University,535,West 114th Street,New York,NY,25,25,10,4,,,,,,,,,,,,,,,,,,N,N,
2025,5,2886,P,"Alayeto, Clarisa",H,8,ABC,,,R0001363,3/7/25,, Sarah Baglio,Baglio, Sarah,,,,X,Bronx,NY,104631144,Teacher,Ethical Culture Fieldston Scho,3901,Fieldston Road,The Bronx,NY,25,25,0,4,,,,,,,,,,,,,,,,,,N,N,
2025,5,2886,P,"Alayeto, Clarisa",H,7,ABC,,,R0000271,1/10/25,, Mercedes Barbosa,Barbosa, Mercedes,,,,M,New York City,NY,10029,Retired,,,,,,25,25,0,4,,,,,,,,,,,,,,,,,,N,N,
2025,5,2886,P,"Alayeto, Clarisa",H,8,ABC,,,R0001338,3/4/25,, Constance Barnes,Barnes, Constance,,,,X,Bronx,NY,10471,Director,Cuny,205,East 42nd Street,New York,NY,25,25,0,4,,,,,,,,,,,,,,,,,,N,N,
2025,5,2886,P,"Alayeto, Clarisa",H,8,ABC,,,R0001246,1/18/25,, Bria Berrios,Berrios, Bria,,,,M,New York,NY,10025,Teacher,TEP chartrr,549,Audubon Avenue,New York,NY,25,25,0,4,,,,,,,,,,,,,,,,,,N,N,
2025,5,2886,P,"Alayeto, Clarisa",H,7,ABC,,,R0000219,1/3/25,, Steven Blitzer,Blitzer, Steven,,,,X,The Bronx,NY,10462,Unemployed,,,,,,25,0,0,4,,,,,,,,,,,,,,,,,,N,N,
2025,5,2886,P,"Alayeto, Clarisa",H,8,ABC,,,R0001413,3/13/25,, Angel Bodón García,Bodón García, Angel,,,,X,The Bronx,NY,10461,Retired,,,,,,25,25,0,4,,,,,,,,,,,,,,,,,,N,N,
2025,5,2886,P,"Alayeto, Clarisa",H,8,ABC,,,R0001411,3/13/25,, Krystal Bodón Ramos,Bodón Ramos, Krystal,,,,X,The Bronx,NY,10461,Administrative Assistant,Self-Employed,2444,Dorsey,The Bronx,NY,25,25,0,4,,,,,,,,,,,,,,,,,,N,N,
2025,5,2886,P,"Alayeto, Clarisa",H,7,ABC,,,R0000134,12/19/24,, Iris Bonet,Bonet, Iris,,,,X,The Bronx,NY,10451,Retired,,,,,,25,25,0,4,,,,,,,,,,,,,,,,,,N,N,
2025,5,2886,P,"Alayeto, Clarisa",H,8,ABC,,,R0001371,3/8/25,, Iris Bonet,Bonet, Iris,,,,X,The Bronx,NY,10451,Retired,,,,,,25,25,0,4,,,,,,,,,,,,,,,,,,N,N,
2025,5,2886,P,"Alayeto, Clarisa",H,8,ABC,,,R0001387,3/11/25,, Hector Bonilla,Bonilla, Hector,,,,Z,Perth Amboy,NJ,08861,Inbound Marketing Specialist,SWK Technologies,120,Eagle Rock Avenue,East Hanover,NJ,25,0,0,4,,,,,,,,,,,,,,,,,,N,N,
2025,5,2886,P,"Alayeto, Clarisa",H,8,ABC,,,R0001401,3/13/25,, Ivy Bonilla,Bonilla, Ivy,,,,X,The Bronx,NY,10463,Coordinator,Nyp,177,Fort Washington Avenue,New York,NY,25,25,0,4,,,,,,,,,,,,,,,,,,N,N,
2025,5,2886,P,"Alayeto, Clarisa",H,7,ABC,,,R0000061,12/9/24,, Mili Bonilla,Bonilla, Mili,,,,X,The Bronx,NY,10472,Unemployed,,,,,,25,25,0,4,,,,,,,,,,,,,,,,,,N,N,
2025,5,2886,P,"Alayeto, Clarisa",H,8,ABC,,,R0000297,1/12/25,, Ryan Bonilla,Bonilla, Ryan,,,,X,The Bronx,NY,10454,Jr. Accountant,Mid-Bronx,900,Grand Concourse,The Bronx,NY,25,25,0,4,,,,,,,,,,,,,,,,,,N,N,
2025,5,2886,P,"Alayeto, Clarisa",H,8,ABC,,,R0001314,2/23/25,, Kathy Brewster-Brown,Brewster-Brown, Kathy,,,,Q,Far Rockaway,NY,11691,HD represiteve,Queens library,89-11,Merrick Boulevard,Jamaica,NY,25,25,0,4,,,,,,,,,,,,,,,,,,N,N,
2025,5,2886,P,"Alayeto, Clarisa",H,7,ABC,,,R0000068,12/10/24,, Robert Brown,Brown, Robert,,,,X,The Bronx,NY,10456,Center director,Directions for our Youth Inc,1368,Webster Avenue,The Bronx,NY,25,25,0,4,,,,,,,,,,,,,,,,,,N,N,
2025,5,2886,P,"Alayeto, Clarisa",H,7,ABC,,,R0000175,12/27/24,, Josephine Byrne,Byrne, Josephine,,,,X,Bronx,NY,10454,Retired,,,,,,25,25,0,4,,,,,,,,,,,,,,,,,,N,N,
2025,5,2886,P,"Alayeto, Clarisa",H,8,ABC,,,R0001368,3/7/25,, Josephine Byrne,Byrne, Josephine,,,,X,Bronx,NY,10454,Retired,,,,,,25,25,0,4,,,,,,,,,,,,,,,,,,N,N,
2025,5,2886,P,"Alayeto, Clarisa",H,7,ABC,,,R0000130,12/19/24,, Julio Caban,Caban, Julio,,,,X,Bronx,NY,10454,Building services,Local1199,121,DeKalb Avenue,Brooklyn,NY,25,25,0,4,,,,,,,,,,,,,,,,,,N,N,
2025,5,2886,P,"Alayeto, Clarisa",H,7,ABC,,,R0000286,1/11/25,, Felix Camacho,Camacho, Felix,,,,X,Bronx,NY,10462,Military,Army,93-05,168th Street,Jamaica,NY,25,25,0,4,,,,,,,,,,,,,,,,,,N,N,
2025,5,2886,P,"Alayeto, Clarisa",H,8,ABC,,,R0001248,1/18/25,, Marisenia Camacho,Camacho, Marisenia,,,,X,Bronx,NY,10462,Airline service agent,Abm,La,Guardia road,East Elmhurst,NY,25,25,0,4,,,,,,,,,,,,,,,,,,N,N,
2025,5,2886,P,"Alayeto, Clarisa",H,7,ABC,,,R0000067,12/10/24,, Charlie Candelario,Candelario, Charlie,,,,X,The Bronx,NY,10473,Paraprofessional,NYC DOE,4600,Broadway,New York,NY,25,0,0,4,,,,,,,,,,,,,,,,,,N,N,
2025,5,2886,P,"Alayeto, Clarisa",H,7,ABC,,,R0000158,12/24/24,, Tierra Carter,Carter, Tierra,,,,M,New York,NY,10029,Unemployed,,,,,,25,25,0,4,,,,,,,,,,,,,,,,,,N,N,
2025,5,2886,P,"Alayeto, Clarisa",H,7,ABC,,,R0000187,12/31/24,, Gloribel Casiano,Casiano, Gloribel,,,,X,The Bronx,NY,10451,Unemployed,,,,,,25,25,0,4,,,,,,,,,,,,,,,,,,N,N,
2025,5,2886,P,"Alayeto, Clarisa",H,7,ABC,,,R0000186,12/31/24,, Nydia Casiano,Casiano, Nydia,,,,X,The Bronx,NY,10451,Retired,,,,,,25,25,0,4,,,,,,,,,,,,,,,,,,N,N,
2025,5,2886,P,"Alayeto, Clarisa",H,7,ABC,,,R0000084,12/11/24,, Abigail Castillo,Castillo, Abigail,,,,X,The Bronx,NY,10454,Consultant,McKinsey & Company,175,Greenwich Street,New York,NY,25,25,0,4,,,,,,,,,,,,,,,,,,N,N,
2025,5,2886,P,"Alayeto, Clarisa",H,7,ABC,,,R0000041,12/6/24,, Carmen Cheeseboro,Cheeseboro, Carmen,,,,X,The Bronx,NY,10451,DJJ,DDJ,414,Morris Avenue,The Bronx,NY,25,25,0,4,,,,,,,,,,,,,,,,,,N,N,
2025,5,2886,P,"Alayeto, Clarisa",H,8,ABC,,,R0001344,3/5/25,, Natasha Cherry-Perez,Cherry-Perez, Natasha,,,,K,Brooklyn,NY,11208,Special Projects Director,New York Charter Schools Assoc,187,Wolf Road,Albany,NY,25,25,0,4,,,,,,,,,,,,,,,,,,N,N,
2025,5,2886,P,"Alayeto, Clarisa",H,7,ABC,,,R0000199,1/2/25,, Nadirah Chestnut,Chestnut, Nadirah,,,,M,New York,NY,10027,Senior Director,DREAM,1991,2nd Avenue,New York,NY,25,0,0,4,,,,,,,,,,,,,,,,,,N,N,
2025,5,2886,P,"Alayeto, Clarisa",H,7,ABC,,,R0000080,12/11/24,, Mayra Colon,Colon, Mayra,,,,X,Bronx,NY,10451,Senior Applications Processing,NYC HPD,100,Gold Street,New York,NY,25,25,0,4,,,,,,,,,,,,,,,,,,N,N,
2025,5,2886,P,"Alayeto, Clarisa",H,7,ABC,,,R0000135,12/19/24,, Yaritza Cortes,Cortes, Yaritza,,,,Z,Newburgh,NY,12550,Chief of Staff,The Boys Club of New York,91,5th Avenue,New York,NY,25,0,0,4,,,,,,,,,,,,,,,,,,N,N,
2025,5,2886,P,"Alayeto, Clarisa",H,8,ABC,,,R0001285,2/16/25,, Christina Cover,Cover, Christina,,,,X,The Bronx,NY,10454,Teacher,New York City Public Schools,52,Chambers Street,New York,NY,25,25,0,4,,,,,,,,,,,,,,,,,,N,N,
2025,5,2886,P,"Alayeto, Clarisa",H,8,ABC,,,R0001305,2/22/25,, Barbara Criner,Criner, Barbara,,,,Z,St. Louis,MO,63146,Retired,,,,,,25,0,0,4,,,,,,,,,,,,,,,,,,N,N,
2025,5,2886,P,"Alayeto, Clarisa",H,7,ABC,,,R0000163,12/26/24,, Tamara Cruz,Cruz, Tamara,,,,X,The Bronx,NY,10451,Unemployed,,,,,,25,25,0,4,,,,,,,,,,,,,,,,,,N,N,
2025,5,2886,P,"Alayeto, Clarisa",H,8,ABC,,,R0001364,3/7/25,, Tamara Cruz,Cruz, Tamara,,,,X,Bronx,NY,10451,Homemaker,,,,,,25,25,0,4,,,,,,,,,,,,,,,,,,N,N,
2025,5,2886,P,"Alayeto, Clarisa",H,7,ABC,,,R0000188,12/31/24,, Luz Davila,Davila, Luz,,,,X,Bronx,NY,10472,Health aid,Blueline,143rd st,325,Bronx,NY,25,25,0,4,,,,,,,,,,,,,,,,,,N,N,
2025,5,2886,P,"Alayeto, Clarisa",H,7,ABC,,,R0000037,12/6/24,, Jacqueline De Jesus,De Jesus, Jacqueline,,,,X,Bronx,NY,10456,Accounting,Roland foods,71,West 40th Street,New York,NY,25,25,0,4,,,,,,,,,,,,,,,,,,N,N,
2025,5,2886,P,"Alayeto, Clarisa",H,8,ABC,,,R0001406,3/13/25,, Mario De La Rosa,De La Rosa, Mario,,,,M,New York,NY,10035,Operations,New York City Council,250,Broadway,New York,NY,25,25,0,4,,,,,,,,,,,,,,,,,,N,N,
2025,5,2886,P,"Alayeto, Clarisa",H,7,ABC,,,R0000079,12/11/24,, Latanya Devaughn,Devaughn, Latanya,,,,X,The Bronx,NY,10455,Bookstore owner,Self-Employed,759,Trinity Avenue,The Bronx,NY,25,25,0,4,,,,,,,,,,,,,,,,,,N,N,
2025,5,2886,P,"Alayeto, Clarisa",H,8,ABC,,,R0001249,1/18/25,, Karina Diaz,Diaz, Karina,,,,Z,Yonkers,NY,10701,Chef operator,Dig Inn,2884,Broadway,New York,NY,25,0,0,4,,,,,,,,,,,,,,,,,,N,N,
2025,5,2886,P,"Alayeto, Clarisa",H,8,ABC,,,R0001336,3/3/25,, Keyanna Doctor,Doctor, Keyanna,,,,X,The Bronx,NY,10467,Operator,NYCT,2,Broadway,New York,NY,25,25,0,4,,,,,,,,,,,,,,,,,,N,N,
2025,5,2886,P,"Alayeto, Clarisa",H,7,ABC,,,R0000119,12/17/24,, Kaiden Emeghebo,Emeghebo, Kaiden,,,,Q,Rego Park,NY,11374,Student,,,,,,25,25,0,4,,,,,,,,,,,,,,,,,,N,N,
2025,5,2886,P,"Alayeto, Clarisa",H,7,ABC,,,R0000120,12/17/24,, Tiana Emeghebo,Emeghebo, Tiana,,,,Q,Rego Park,NY,11374,Student,,,,,,25,25,0,4,,,,,,,,,,,,,,,,,,N,N,
2025,5,2886,P,"Alayeto, Clarisa",H,7,ABC,,,R0000200,1/2/25,, Orlando Encarnacion,Encarnacion, Orlando,,,,Z,Yonkers,NY,10704,Assistant Dean of Student Cult,Earl Monroe New Renaissance Ba,1617,Parkview Avenue,The Bronx,NY,25,0,0,4,,,,,,,,,,,,,,,,,,N,N,
2025,5,2886,P,"Alayeto, Clarisa",H,7,ABC,,,R0000139,12/19/24,, Tahan Engram,Engram, Tahan,,,,Z,Yonkers,NY,10701,Teacher,Urban Dove H.S.,20,Water Grant st.,Yonkers,NY,25,0,0,4,,,,,,,,,,,,,,,,,,N,N,
2025,5,2886,P,"Alayeto, Clarisa",H,8,ABC,,,R0001353,3/6/25,, Marielena Fernandez,Fernandez, Marielena,,,,X,The Bronx,NY,10462,Educator,Oliver Scholars,14,Wall Street,New York,NY,25,25,0,4,,,,,,,,,,,,,,,,,,N,N,
2025,5,2886,P,"Alayeto, Clarisa",H,7,ABC,,,R0000244,1/8/25,, Michael Fisher,Fisher, Michael,,,,X,The Bronx,NY,10454,Hoops 4 success,Self-Employed,223,Cypress Avenue,The Bronx,NY,25,25,0,4,,,,,,,,,,,,,,,,,,N,N,
2025,5,2886,P,"Alayeto, Clarisa",H,7,ABC,,,R0000217,1/3/25,, Marisol Flores,Flores, Marisol,,,,X,The Bronx,NY,10451,Unemployed,,,,,,25,25,0,4,,,,,,,,,,,,,,,,,,N,N,
2025,5,2886,P,"Alayeto, Clarisa",H,7,ABC,,,R0000156,12/23/24,, Mylah Ford,Ford, Mylah,,,,X,The Bronx,NY,10451,Health team lead,Radnet,400,East 66th Street,New York,NY,25,25,0,4,,,,,,,,,,,,,,,,,,N,N,
2025,5,2886,P,"Alayeto, Clarisa",H,7,ABC,,,R0000055,12/8/24,, Eileen Fuentes,Fuentes, Eileen,,,,M,New York,NY,10033,"Director, HR & Faculty Affairs",Columbia University,622,West 168th Street,New York,NY,25,25,0,4,,,,,,,,,,,,,,,,,,N,N,
2025,5,2886,P,"Alayeto, Clarisa",H,7,ABC,,,R0000083,12/11/24,, Matthew Gonzalez,Gonzalez, Matthew,,,,X,The Bronx,NY,10462,Counseling,Dream,20,Bruckner Boulevard,Bronx,NY,25,25,0,4,,,,,,,,,,,,,,,,,,N,N,
2025,5,2886,P,"Alayeto, Clarisa",H,8,ABC,,,R0001252,1/19/25,, Rosie H,H, Rosie,,,,Z,North Bergen,NJ,07047,Program Manager,NYC DOE,52,Chambers Street,New York,NY,25,0,0,4,,,,,,,,,,,,,,,,,,N,N,
2025,5,2886,P,"Alayeto, Clarisa",H,7,ABC,,,R0000087,12/11/24,, Courtland Hankins,Hankins, Courtland,,,,X,bronx,NY,10454,Government,Bronx Community Board Three,1426,Boston Road,The Bronx,NY,25,25,0,4,,,,,,,,,,,,,,,,,,N,N,
2025,5,2886,P,"Alayeto, Clarisa",H,8,ABC,,,R0001409,3/13/25,, Courtland Hankins,Hankins, Courtland,,,,X,bronx,NY,10454,Government,Bronx Community Board Three,1426,"Boston Road, The Bronx, NY, USA",Bronx,NY,25,25,0,4,,,,,,,,,,,,,,,,,,N,N,
2025,5,2886,P,"Alayeto, Clarisa",H,7,ABC,,,R0000110,12/14/24,, Dash Harris,Harris, Dash,,,,Z,Nanticoke,PA,18634,Entrepreneur,Self-Employed,159,West Church Street,Nanticoke,PA,25,0,0,4,,,,,,,,,,,,,,,,,,N,N,
2025,5,2886,P,"Alayeto, Clarisa",H,8,ABC,,,R0001360,3/6/25,, Marquis Harrison,Harrison, Marquis,,,,M,New York,NY,10035,Teacher,NYC Dept of education,2581,Adam Clayton Powell Junior Boule,New York,NY,25,25,0,4,,,,,,,,,,,,,,,,,,N,N,
2025,5,2886,P,"Alayeto, Clarisa",H,8,ABC,,,R0001419,3/13/25,, Steven Haywood,Haywood, Steven,,,,X,BRONX,NY,10461,Accountant,TodayTix,1501,Broadway,New York,NY,25,25,0,4,,,,,,,,,,,,,,,,,,N,N,
2025,5,2886,P,"Alayeto, Clarisa",H,7,ABC,,,R0000279,1/11/25,, James Hernandez,Hernandez, James,,,,Z,Haverstraw,NY,10927,Executive Director,IFCA Housing Network,138,Spring Street,Ossining,NY,25,0,0,4,,,,,,,,,,,,,,,,,,N,N,
2025,5,2886,P,"Alayeto, Clarisa",H,7,ABC,,,R0000127,12/18/24,, Megan Hodges,Hodges, Megan,,,,Z,Richmond,VA,23220,Senior Consultant,Heller Fundraising Group,301,West Clay Street,Richmond,VA,25,0,0,4,,,,,,,,,,,,,,,,,,N,N,
2025,5,2886,P,"Alayeto, Clarisa",H,8,ABC,,,R0001403,3/13/25,, Ginelle Jenkins,Jenkins, Ginelle,,,,M,New York,NY,10038,Unemployed,,,,,,25,25,0,4,,,,,,,,,,,,,,,,,,N,N,
2025,5,2886,P,"Alayeto, Clarisa",H,7,ABC,,,R0000074,12/10/24,, Ashley Jimenez,Jimenez, Ashley,,,,X,The Bronx,NY,10462,Director of Operations,Dream Charter School,20,Bruckner Boulevard,The Bronx,NY,25,25,0,4,,,,,,,,,,,,,,,,,,N,N,
2025,5,2886,P,"Alayeto, Clarisa",H,7,ABC,,,R0000206,1/2/25,, Brittiany Johnson,Johnson, Brittiany,,,,X,The Bronx,NY,10451,Social Worker,CAMBA,39,Ainslie Street,Brooklyn,NY,25,25,0,4,,,,,,,,,,,,,,,,,,N,N,
2025,5,2886,P,"Alayeto, Clarisa",H,7,ABC,,,R0000211,1/2/25,, Vadishia Johnson- Glover,Johnson- Glover, Vadishia,,,,X,The Bronx,NY,10455,Program Manager,Community Options,456,West 167th Street,New York,NY,25,25,0,4,,,,,,,,,,,,,,,,,,N,N,
2025,5,2886,P,"Alayeto, Clarisa",H,7,ABC,,,R0000116,12/16/24,, Elinore Jones,Jones, Elinore,,,,M,New York,NY,10033,Nonprofit Executive,Broadway Advocacy Coalition,165,W. 46th Street,New York,NY,25,0,0,4,,,,,,,,,,,,,,,,,,N,N,
2025,5,2886,P,"Alayeto, Clarisa",H,7,ABC,,,R0000249,1/8/25,, Eric Kelly,Kelly, Eric,,,,X,The Bronx,NY,10454,Entrepreneur,SouthBoX by Eric Kelly,171,Lincoln ave,Bronx,NY,25,0,0,4,,,,,,,,,,,,,,,,,,N,N,
2025,5,2886,P,"Alayeto, Clarisa",H,7,ABC,,,R0000066,12/10/24,, Carmelo King,King, Carmelo,,,,M,New York,NY,10029,Unemployed,,,,,,25,25,0,4,,,,,,,,,,,,,,,,,,N,N,
2025,5,2886,P,"Alayeto, Clarisa",H,8,ABC,,,R0001325,2/26/25,, Myisha Lockett,Lockett, Myisha,,,,X,The Bronx,NY,10467,CNA,Fordham nursing and rehabilita,2678,Kingsbridge Terrace,The Bronx,NY,25,0,0,4,,,,,,,,,,,,,,,,,,N,N,
2025,5,2886,P,"Alayeto, Clarisa",H,7,ABC,,,R0000165,12/26/24,, Melissa Lopez,Lopez, Melissa,,,,X,The Bronx,NY,10454,NA,Aspira of NY,250,E 156th st,Bronx,NY,25,25,0,4,,,,,,,,,,,,,,,,,,N,N,
2025,5,2886,P,"Alayeto, Clarisa",H,7,ABC,,,R0000137,12/19/24,, Jennifer Magris,Magris, Jennifer,,,,X,The Bronx,NY,10473,Clerk,Usps,142-02,20th Avenue,Flushing,NY,25,25,0,4,,,,,,,,,,,,,,,,,,N,N,
2025,5,2886,P,"Alayeto, Clarisa",H,7,ABC,,,R0000094,12/11/24,, Claribel Marmol,Marmol, Claribel,,,,X,The Bronx,NY,10459,Nurse Midwife,Jacobi Medical Center,1400,Pelham Parkway South,The Bronx,NY,25,25,0,4,,,,,,,,,,,,,,,,,,N,N,
2025,5,2886,P,"Alayeto, Clarisa",H,8,ABC,,,R0001308,2/22/25,, Desire Marte,Marte, Desire,,,,X,Bronx,NY,10454,paraprofessional/ family worke,department of education,725,Brady Avenue,Bronx,NY,25,25,0,4,,,,,,,,,,,,,,,,,,N,N,
2025,5,2886,P,"Alayeto, Clarisa",H,7,ABC,,,R0000218,1/3/25,, Anel Martinez,Martinez, Anel,,,,X,The Bronx,NY,10473,SLP,NYC DOE,1980,Lafayette,The Bronx,NY,25,25,0,4,,,,,,,,,,,,,,,,,,N,N,
2025,5,2886,P,"Alayeto, Clarisa",H,8,ABC,,,R0001298,2/21/25,, Rosalyn Martinez,Martinez, Rosalyn,,,,Z,Mount Kisco,NY,10549,Clerical Radiology Supervisor,Optum,100,South Bedford Road,Mount Kisco,NY,25,0,0,4,,,,,,,,,,,,,,,,,,N,N,
2025,5,2886,P,"Alayeto, Clarisa",H,7,ABC,,,R0000209,1/2/25,, Sheerice Martinez,Martinez, Sheerice,,,,M,New York,NY,10029,Prep chef,Compass group,110,West 3rd Street,New York,NY,25,25,0,4,,,,,,,,,,,,,,,,,,N,N,
2025,5,2886,P,"Alayeto, Clarisa",H,7,ABC,,,R0000185,12/30/24,, Fatu Massalee,Massalee, Fatu,,,,S,Staten Island,NY,10304,Unemployed,,,,,,25,25,0,4,,,,,,,,,,,,,,,,,,N,N,
2025,5,2886,P,"Alayeto, Clarisa",H,7,ABC,,,R0000142,12/20/24,, Bess Massey,Massey, Bess,,,,X,The Bronx,NY,10461,Social worker,NYC DOE,455,Southern Boulevard,The Bronx,NY,25,25,0,4,,,,,,,,,,,,,,,,,,N,N,
2025,5,2886,P,"Alayeto, Clarisa",H,8,ABC,,,R0001299,2/22/25,, Dante Mickens,Mickens, Dante,,,,X,The Bronx,NY,10458,Assistant Mechanical Engineer,NYC Office of the Comptroller,1,Centre Street,New York,NY,25,25,0,4,,,,,,,,,,,,,,,,,,N,N,
2025,5,2886,P,"Alayeto, Clarisa",H,7,ABC,,,R0000180,12/27/24,, Jessica Miranda,Miranda, Jessica,,,,Z,Brookfield,CT,06804,Director of Family Services,Access Bronx Charter School,388,Willis Avenue,The Bronx,NY,25,0,0,4,,,,,,,,,,,,,,,,,,N,N,
2025,5,2886,P,"Alayeto, Clarisa",H,7,ABC,,,R0000148,12/21/24,, Ebony Mitchell Matias,Mitchell Matias, Ebony,,,,X,The Bronx,NY,10451,Unemployed,,,,,,25,25,0,4,,,,,,,,,,,,,,,,,,N,N,
2025,5,2886,P,"Alayeto, Clarisa",H,7,ABC,,,R0000172,12/26/24,, Genesis Montero,Montero, Genesis,,,,X,The Bronx,NY,10468,Therapist,Upper manhattan mental health,1727,Amsterdam Avenue,New York,NY,25,25,0,4,,,,,,,,,,,,,,,,,,N,N,
2025,5,2886,P,"Alayeto, Clarisa",H,7,ABC,,,R0000020,12/4/24,, Amada Morales,Morales, Amada,,,,Z,Milwaukee,WI,53204,Court Advocate,Self-Employed,224,West Washington Street,Milwaukee,WI,25,0,0,4,,,,,,,,,,,,,,,,,,N,N,
2025,5,2886,P,"Alayeto, Clarisa",H,7,ABC,,,R0000181,12/27/24,, Felicia Morris bolar,Morris bolar, Felicia,,,,Z,Elmsford,NY,10523,Health Care Administrator,PPGNY,349,East 149th Street,The Bronx,NY,25,0,0,4,,,,,,,,,,,,,,,,,,N,N,
2025,5,2886,P,"Alayeto, Clarisa",H,7,ABC,,,R0000220,1/3/25,, Eric Murray,Murray, Eric,,,,X,The Bronx,NY,10451,Retired,,,,,,25,25,0,4,,,,,,,,,,,,,,,,,,N,N,
2025,5,2886,P,"Alayeto, Clarisa",H,7,ABC,,,R0000179,12/27/24,, Joseph Murray,Murray, Joseph,,,,M,New York,NY,10026,Worker,UPS,1,Black Meadow Road,Chester,NY,25,25,0,4,,,,,,,,,,,,,,,,,,N,N,
2025,5,2886,P,"Alayeto, Clarisa",H,7,ABC,,,R0000189,1/2/25,, Dalourny Nemori,Nemori, Dalourny,,,,X,The Bronx,NY,10451,Lawyer,Legal aid society,199,Water Street,New York,NY,25,25,0,4,,,,,,,,,,,,,,,,,,N,N,
2025,5,2886,P,"Alayeto, Clarisa",H,8,ABC,,,R0001296,2/21/25,, Jastria Nieves,Nieves, Jastria,,,,X,The Bronx,NY,10472,Operations Communications Spec,NYC DOT,28-11,Queens Plaza North,Long Island City,NY,25,25,0,4,,,,,,,,,,,,,,,,,,N,N,
2025,5,2886,P,"Alayeto, Clarisa",H,8,ABC,,,R0001266,2/4/25,, Nilda Nour,Nour, Nilda,,,,X,The Bronx,NY,10473,Retired,,,,,,25,25,0,4,,,,,,,,,,,,,,,,,,N,N,
2025,5,2886,P,"Alayeto, Clarisa",H,7,ABC,,,R0000263,1/9/25,, Brian Ortiz,Ortiz, Brian,,,,Q,Jamaica,NY,11436,Security officer,Allied Universal,90-37,Parsons Boulevard,Jamaica,NY,25,25,0,4,,,,,,,,,,,,,,,,,,N,N,
2025,5,2886,P,"Alayeto, Clarisa",H,7,ABC,,,R0000121,12/17/24,, Kathleen Ortiz,Ortiz, Kathleen,,,,Z,Burtonsville,MD,20866,Program manager,My own place,6495,New Hampshire Avenue,Adelphi,MD,25,0,0,4,,,,,,,,,,,,,,,,,,N,N,
2025,5,2886,P,"Alayeto, Clarisa",H,7,ABC,,,R0000285,1/11/25,, Twyla Osei,Osei, Twyla,,,,Z,Upper Freehold,NJ,08514,Clinical Nurse Specialist,Capital Health Medicla Center,1,Capital Way,Pennington,NJ,25,0,0,4,,,,,,,,,,,,,,,,,,N,N,
2025,5,2886,P,"Alayeto, Clarisa",H,8,ABC,,,R0001404,3/13/25,, Erlinda Padilla,Padilla, Erlinda,,,,K,Brooklyn,NY,11205,Administrative Assistant,Metropolitan Management Servic,36-18,33rd Street,Long Island City,NY,25,25,0,4,,,,,,,,,,,,,,,,,,N,N,
2025,5,2886,P,"Alayeto, Clarisa",H,7,ABC,,,R0000051,12/7/24,, Brenda Parrilla,Parrilla, Brenda,,,,X,The Bronx,NY,10451,Childcare Provider,Self-Employed,500,Union Avenue,The Bronx,NY,25,0,0,4,,,,,,,,,,,,,,,,,,N,N,
2025,5,2886,P,"Alayeto, Clarisa",H,8,ABC,,,R0001332,2/28/25,, Nicole Penn,Penn, Nicole,,,,Z,Greensboro,NC,27407,Healthcare Admin,Maple Grove,1,Graybark Court,Greensboro,NC,25,0,0,4,,,,,,,,,,,,,,,,,,N,N,
2025,5,2886,P,"Alayeto, Clarisa",H,7,ABC,,,R0000019,12/4/24,, Rhonda Perez,Perez, Rhonda,,,,M,New York,NY,10029,Therapist,Self-Employed,420,E 111th St,New York,NY,25,25,0,4,,,,,,,,,,,,,,,,,,N,N,
2025,5,2886,P,"Alayeto, Clarisa",H,8,ABC,,,R0001369,3/7/25,, Roberto Perez,Perez, Roberto,,,,M,New York,NY,10029,Court Attorney,New York State Unified Court S,265,East 161st Street,The Bronx,NY,25,25,0,4,,,,,,,,,,,,,,,,,,N,N,
2025,5,2886,P,"Alayeto, Clarisa",H,8,ABC,,,R0001303,2/22/25,, DOLORES PETERSEN,PETERSEN, DOLORES,,,,Z,Hollywood,CA,90068,Retired,,,,,,25,0,0,4,,,,,,,,,,,,,,,,,,N,N,
2025,5,2886,P,"Alayeto, Clarisa",H,7,ABC,,,R0000059,12/9/24,, Louise Phillips Costoso,Phillips Costoso, Louise,,,,M,New york,NY,10029,Out of school time directoe,Dream,20,Bruckner Boulevard,New York,NY,25,25,0,4,,,,,,,,,,,,,,,,,,N,N,
2025,5,2886,P,"Alayeto, Clarisa",H,7,ABC,,,R0000044,12/7/24,, Wanda Pineda,Pineda, Wanda,,,,X,Bronx,NY,10454,Administrative Assistant,Metropolitan Reality Group LLC,1310,West Farms Road,Bronx,NY,25,25,0,4,,,,,,,,,,,,,,,,,,N,N,
2025,5,2886,P,"Alayeto, Clarisa",H,7,ABC,,,R0000275,1/10/25,, Carmen Pineiro,Pineiro, Carmen,,,,X,The Bronx,NY,10457,Director of Organizing and Tra,The Bronx Defenders,360,East 161st Street,The Bronx,NY,25,0,0,4,,,,,,,,,,,,,,,,,,N,N,
2025,5,2886,P,"Alayeto, Clarisa",H,7,ABC,,,R0000144,12/20/24,, Rosa Pinero,Pinero, Rosa,,,,X,The Bronx,NY,10455,Retired,,,,,,25,25,0,4,,,,,,,,,,,,,,,,,,N,N,
2025,5,2886,P,"Alayeto, Clarisa",H,7,ABC,,,R0000129,12/19/24,, Bianca Pinet,Pinet, Bianca,,,,X,The Bronx,NY,10454,Patient Regristar,Mount Sinai,750,East 134th Street,The Bronx,NY,25,25,0,4,,,,,,,,,,,,,,,,,,N,N,
2025,5,2886,P,"Alayeto, Clarisa",H,7,ABC,,,R0000063,12/9/24,, Tracey Pinkard,Pinkard, Tracey,,,,K,Brooklyn,NY,11217,Parent Coordinator,New York City Dept,610,Henry Street,Brooklyn,NY,25,25,0,4,,,,,,,,,,,,,,,,,,N,N,
2025,5,2886,P,"Alayeto, Clarisa",H,7,ABC,,,R0000023,12/5/24,, Stephany Polanco,Polanco, Stephany,,,,X,Bronx,NY,10454,Community Engagement Coordinat,A House on Beekman,452,East 149th Street,The Bronx,NY,25,25,0,4,,,,,,,,,,,,,,,,,,N,N,
2025,5,2886,P,"Alayeto, Clarisa",H,7,ABC,,,R0000103,12/13/24,, Jeri Powell,Powell, Jeri,,,,M,New York,NY,10027,Adjunct Associate Professor,Columbia University,420,West 118th Street,New York,NY,25,25,0,4,,,,,,,,,,,,,,,,,,N,N,
2025,5,2886,P,"Alayeto, Clarisa",H,7,ABC,,,R0000161,12/26/24,, Jennifer Powell-Wiley,Powell-Wiley, Jennifer,,,,K,Brooklyn,NY,11220,Non-Profit Fundraiser,Self-Employed,141,68th Street,Brooklyn,NY,25,0,0,4,,,,,,,,,,,,,,,,,,N,N,
2025,5,2886,P,"Alayeto, Clarisa",H,8,ABC,,,R0001271,2/5/25,, ELIZABETH RENDON,RENDON, ELIZABETH,,,,Z,Union City,NJ,07087,Unemployed,,,,,,25,0,0,4,,,,,,,,,,,,,,,,,,N,N,
2025,5,2886,P,"Alayeto, Clarisa",H,8,ABC,,,R0001253,1/21/25,, Lisa Maria Rhodes,Rhodes, Lisa Maria,,,,Z,New Orleans,LA,70119,social worker,ALAS,1734,Saint Roch Avenue,New Orleans,LA,25,0,0,4,,,,,,,,,,,,,,,,,,N,N,
2025,5,2886,P,"Alayeto, Clarisa",H,7,ABC,,,R0000025,12/5/24,, Kristine Rivera,Rivera, Kristine,,,,X,The Bronx,NY,10465,Director,Excellence Community Schools,3956,Carpenter Avenue,The Bronx,NY,25,25,0,4,,,,,,,,,,,,,,,,,,N,N,
2025,5,2886,P,"Alayeto, Clarisa",H,7,ABC,,,R0000255,1/8/25,, Margarita Rivera,Rivera, Margarita,,,,X,The Bronx,NY,10455,Retired,,,,,,25,25,0,4,,,,,,,,,,,,,,,,,,N,N,
2025,5,2886,P,"Alayeto, Clarisa",H,7,ABC,,,R0000259,1/8/25,, Sara Rivera,Rivera, Sara,,,,X,The Bronx,NY,10472,Project Associate,Montefiore,111,East 210th Street,The Bronx,NY,25,25,0,4,,,,,,,,,,,,,,,,,,N,N,
2025,5,2886,P,"Alayeto, Clarisa",H,7,ABC,,,R0000164,12/26/24,, Sol Rivera,Rivera, Sol,,,,X,BRONX,NY,10463,Coordinator,Brunswick Group,1114,6th Avenue,New York,NY,25,25,0,4,,,,,,,,,,,,,,,,,,N,N,
2025,5,2886,P,"Alayeto, Clarisa",H,7,ABC,,,R0000276,1/10/25,, Marietta Rocha,Rocha, Marietta,,,,Z,San Antonio,TX,78253,Medical education coordinator,Advocate aurora,945,North 12th Street,Milwaukee,WI,25,0,0,4,,,,,,,,,,,,,,,,,,N,N,
2025,5,2886,P,"Alayeto, Clarisa",H,7,ABC,,,R0000157,12/23/24,, Joann Roman,Roman, Joann,,,,M,New York,NY,10027,Unemployed,,,,,,25,25,0,4,,,,,,,,,,,,,,,,,,N,N,
2025,5,2886,P,"Alayeto, Clarisa",H,7,ABC,,,R0000109,12/14/24,, Jessica Rosso,Rosso, Jessica,,,,X,Bronx,NY,10469,Accounts Payable,S&J Sheet Metal Supply Inc,608,East 133rd Street,The Bronx,NY,25,25,0,4,,,,,,,,,,,,,,,,,,N,N,
2025,5,2886,P,"Alayeto, Clarisa",H,7,ABC,,,R0000198,1/2/25,, Kyesha Ruffin,Ruffin, Kyesha,,,,X,Bronx,NY,10462,Teacher,DOE,64,Court Street,Brooklyn,NY,25,25,0,4,,,,,,,,,,,,,,,,,,N,N,
2025,5,2886,P,"Alayeto, Clarisa",H,7,ABC,,,R0000043,12/7/24,, Rosa sanchez,sanchez, Rosa,,,,X,Bronx,NY,10454,Wellness coach,Urban Nutrition Spot,197,Brook Avenue,The Bronx,NY,25,25,0,4,,,,,,,,,,,,,,,,,,N,N,
2025,5,2886,P,"Alayeto, Clarisa",H,8,ABC,,,R0001405,3/13/25,, Rosa Sánchez,Sánchez, Rosa,,,,X,Bronx,NY,10454,Baraista,Self-Employed,197,Brook Avenue,The Bronx,NY,25,25,0,4,,,,,,,,,,,,,,,,,,N,N,
2025,5,2886,P,"Alayeto, Clarisa",H,7,ABC,,,R0000170,12/26/24,, Samuel Santos,Santos, Samuel,,,,Z,Austin,TX,78745,Property management,Self-Employed,123,Business St,Austin,TX,25,0,0,4,,,,,,,,,,,,,,,,,,N,N,
2025,5,2886,P,"Alayeto, Clarisa",H,7,ABC,,,R0000178,12/27/24,, Justina Sharrock-Brown,Sharrock-Brown, Justina,,,,X,Bronx,NY,10456,Director,Stanley M. Isaacs Neighborhood,1792,First Avenue,New York,NY,25,25,0,4,,,,,,,,,,,,,,,,,,N,N,
2025,5,2886,P,"Alayeto, Clarisa",H,7,ABC,,,R0000177,12/27/24,, Lavelle Simmons,Simmons, Lavelle,,,,X,The Bronx,NY,10454,Lawyer,A&O Shearman,599,Lexington Avenue,New York,NY,25,25,0,4,,,,,,,,,,,,,,,,,,N,N,
2025,5,2886,P,"Alayeto, Clarisa",H,7,ABC,,,R0000069,12/10/24,, Shaun Smith,Smith, Shaun,,,,X,Bronx,NY,10462,Student,,,,,,25,25,0,4,,,,,,,,,,,,,,,,,,N,N,
2025,5,2886,P,"Alayeto, Clarisa",H,7,ABC,,,R0000261,1/9/25,, Idalia Soto-Colon,Soto-Colon, Idalia,,,,Z,Clifton,NJ,07012,Fundraiser,DREAM,1991,Second Avenue,New York,NY,25,0,0,4,,,,,,,,,,,,,,,,,,N,N,
2025,5,2886,P,"Alayeto, Clarisa",H,7,ABC,,,R0000235,1/6/25,, Nicholas Stanton,Stanton, Nicholas,,,,X,Bronx,NY,10462,CPO,DriveChange,630,Flushing Ave,Brooklyn,NY,25,25,0,4,,,,,,,,,,,,,,,,,,N,N,
2025,5,2886,P,"Alayeto, Clarisa",H,7,ABC,,,R0000095,12/12/24,, Samuel Texeira,Texeira, Samuel,,,,Z,Chicago,IL,60615,Teacher,Chicago Public Schools,5015,South Blackstone Avenue,Chicago,IL,25,0,0,4,,,,,,,,,,,,,,,,,,N,N,
2025,5,2886,P,"Alayeto, Clarisa",H,7,ABC,,,R0000292,1/11/25,, Samuel Texeira,Texeira, Samuel,,,,Z,Chicago,IL,60615,Teacher,Chicago Public Schools,5015,South Blackstone Avenue,Chicago,IL,25,0,25,4,,,,,,,,,,,,,,,,,,N,N,
2025,5,2886,P,"Alayeto, Clarisa",H,7,ABC,,,R0000141,12/20/24,, Elise Thomm,Thomm, Elise,,,,K,Brooklyn,NY,11237,Teacher,Dream Charter School,20,Bruckner Boulevard,The Bronx,NY,25,25,0,4,,,,,,,,,,,,,,,,,,N,N,
2025,5,2886,P,"Alayeto, Clarisa",H,7,ABC,,,R0000145,12/20/24,, Chari Tirado,Tirado, Chari,,,,M,New York,NY,10035,Inside Sales Assistant,CFS Steel Co.,695,East 132nd Street,Bronx,NY,25,25,0,4,,,,,,,,,,,,,,,,,,N,N,
2025,5,2886,P,"Alayeto, Clarisa",H,8,ABC,,,R0001242,1/18/25,, Jennifer Torrens,Torrens, Jennifer,,,,K,Brooklyn,NY,11233,Labor,Local 79,520,8th Avenue,New York,NY,25,25,0,4,,,,,,,,,,,,,,,,,,N,N,
2025,5,2886,P,"Alayeto, Clarisa",H,8,ABC,,,R0001239,1/18/25,, Tatyana Turner,Turner, Tatyana,,,,X,The Bronx,NY,10451,Journalist,Self-Employed,1075,Grand Concourse,The Bronx,NY,25,25,0,4,,,,,,,,,,,,,,,,,,N,N,
2025,5,2886,P,"Alayeto, Clarisa",H,8,ABC,,,R0001300,2/22/25,, Tatyana Turner,Turner, Tatyana,,,,X,The Bronx,NY,10451,Reporter,Self-Employed,299,East 161st Street,The Bronx,NY,25,25,0,4,,,,,,,,,,,,,,,,,,N,N,
2025,5,2886,P,"Alayeto, Clarisa",H,7,ABC,,,R0000284,1/11/25,, Marissa Valentin,Valentin, Marissa,,,,Z,Little Rock,AR,72206,First responder,Verida,10825,Finacial center pkwy,Little Rock,AR,25,0,0,4,,,,,,,,,,,,,,,,,,N,N,
2025,5,2886,P,"Alayeto, Clarisa",H,7,ABC,,,R0000149,12/21/24,, Deja Vann,Vann, Deja,,,,X,The Bronx,NY,10468,Teacher,NYCDOE,800,Baychester Avenue,The Bronx,NY,25,25,0,4,,,,,,,,,,,,,,,,,,N,N,
2025,5,2886,P,"Alayeto, Clarisa",H,8,ABC,,,R0001251,1/19/25,, Deja Vann,Vann, Deja,,,,X,The Bronx,NY,10468,Special Education Teacher,NYCDOE,800,Baychester Avenue,The Bronx,NY,25,25,0,4,,,,,,,,,,,,,,,,,,N,N,
2025,5,2886,P,"Alayeto, Clarisa",H,7,ABC,,,R0000274,1/10/25,, Yudis Vargas,Vargas, Yudis,,,,M,New York,NY,10029,Cdpap,Helpingu homecare,1897,3rd Avenue,New York,NY,25,25,0,4,,,,,,,,,,,,,,,,,,N,N,
2025,5,2886,P,"Alayeto, Clarisa",H,7,ABC,,,R0000201,1/2/25,, Melissa Veitia,Veitia, Melissa,,,,X,Bronx,NY,10454,Conference Coordinator/GSA,Compass Group,66,Hudson Boulevard East,New York,NY,25,25,0,4,,,,,,,,,,,,,,,,,,N,N,
2025,5,2886,P,"Alayeto, Clarisa",H,7,ABC,,,R0000281,1/11/25,, Christopher Velasquez,Velasquez, Christopher,,,,X,The Bronx,NY,10455,Facilities,The new school,65,5th Avenue,New York,NY,25,25,0,4,,,,,,,,,,,,,,,,,,N,N,
2025,5,2886,P,"Alayeto, Clarisa",H,8,ABC,,,R0001272,2/5/25,, Maria Velazquez,Velazquez, Maria,,,,Z,West Haverstraw,NY,10993,Retired,,,,,,25,0,0,4,,,,,,,,,,,,,,,,,,N,N,
2025,5,2886,P,"Alayeto, Clarisa",H,7,ABC,,,R0000124,12/17/24,, Lindsey Wells,Wells, Lindsey,,,,K,Brooklyn,NY,11233,Recruiter,Self,318,Marion street,Brooklyn,NY,25,25,0,4,,,,,,,,,,,,,,,,,,N,N,
2025,5,2886,P,"Alayeto, Clarisa",H,8,ABC,,,R0001361,3/7/25,, Lindsey Wells,Wells, Lindsey,,,,K,BROOKLYN,NY,11233,Unemployed,,,,,,25,25,0,4,,,,,,,,,,,,,,,,,,N,N,
2025,5,2886,P,"Alayeto, Clarisa",H,8,ABC,,,R0001275,2/6/25,, Ellen White,White, Ellen,,,,M,New York,NY,10032,Writer,Self-Employed,515,West 168th Street,New York,NY,25,25,0,4,,,,,,,,,,,,,,,,,,N,N,
2025,5,2886,P,"Alayeto, Clarisa",H,8,ABC,,,R0001420,3/13/25,, Ellen White,White, Ellen,,,,M,New York,NY,10032,Political Organizer (remote),Wisconsin Neighbor Network,515,515 W 168th Street,New York,NY,25,25,0,4,,,,,,,,,,,,,,,,,,N,N,
2025,5,2886,P,"Alayeto, Clarisa",H,8,ABC,,,R0001340,3/4/25,, Sarah Wilson,Wilson, Sarah,,,,X,Bronx,NY,10454,Editor,1199SEIU,498,7th Avenue,New York,NY,25,25,0,4,,,,,,,,,,,,,,,,,,N,N,
2025,5,2886,P,"Alayeto, Clarisa",H,7,ABC,,,R0000208,1/2/25,, Christina Wolf,Wolf, Christina,,,,Z,Port Jefferson Station,NY,11776,Non-profit administration,Community Action for Social Ju,601,Veterans Memorial Highway,Hauppauge,NY,25,0,0,4,,,,,,,,,,,,,,,,,,N,N,
2025,5,2886,P,"Alayeto, Clarisa",H,7,ABC,,,R0000153,12/23/24,, Hilda Hernandez,Hernandez, Hilda,,,,X,Bronx,NY,10454,Retired,,,,,,20,20,0,4,,,,,,,,,,,,,,,,,,N,N,
2025,5,2886,P,"Alayeto, Clarisa",H,8,ABC,,,R0001277,2/10/25,, Princella Jamerson,Jamerson, Princella,,,,X,The Bronx,NY,10454,Retired,,,,,,20,0,0,4,,,,,,,,,,,,,,,,,,N,N,
2025,5,2886,P,"Alayeto, Clarisa",H,8,ABC,,,R0001297,2/21/25,, Rosa Morales,Morales, Rosa,,,,X,Bronx,NY,10451,Home health aide,All American home care,1,West 34th Street,New York,NY,20,20,0,4,,,,,,,,,,,,,,,,,,N,N,
2025,5,2886,P,"Alayeto, Clarisa",H,7,ABC,,,R0000238,1/6/25,, Gael Pena,Pena, Gael,,,,M,New York,NY,10029,Student,,,,,,20,20,0,4,,,,,,,,,,,,,,,,,,N,N,
2025,5,2886,P,"Alayeto, Clarisa",H,7,ABC,,,R0000113,12/15/24,, Stephan Rivera,Rivera, Stephan,,,,X,BRONX,NY,10472,AYDS1,Administration of children's s,560,Brooke Ave,The Bronx,NY,20,20,0,4,,,,,,,,,,,,,,,,,,N,N,
2025,5,2886,P,"Alayeto, Clarisa",H,7,ABC,,,R0000030,12/5/24,, Daniel Auerbach,Auerbach, Daniel,,,,M,New York,NY,10021,Director of Special Projects,DREAM,1991,2nd Avenue,New York,NY,18,18,0,4,,,,,,,,,,,,,,,,,,N,N,
2025,5,2886,P,"Alayeto, Clarisa",H,8,ABC,,,R0001324,2/26/25,, Anais Agron,Agron, Anais,,,,Z,Haines City,FL,33844,Paraprofessional,Department of Education,1700,Forest Lake Dr.,Davenport,FL,10,0,0,4,,,,,,,,,,,,,,,,,,N,N,
2025,5,2886,P,"Alayeto, Clarisa",H,7,ABC,,,R0000013,12/3/24,, Clarisa Alayeto,Alayeto, Clarisa,,,,X,Bronx,NY,10454,Unemployed,,,,,,10,10,0,4,,,,,,,,,,,,,,,,,,N,N,
2025,5,2886,P,"Alayeto, Clarisa",H,7,ABC,,,R0000221,1/3/25,, Lazaro Alayeto,Alayeto, Lazaro,,,,M,New York,NY,10029,Maintenance,Spotless co,55,East 39th Street,New York,NY,10,10,0,4,,,,,,,,,,,,,,,,,,N,N,
2025,5,2886,P,"Alayeto, Clarisa",H,7,ABC,,,R0000070,12/10/24,, Hector Artiles,Artiles, Hector,,,,K,Brooklyn,NY,11237,Regional Sales Manager,Apex Systems LLC,30,South Wacker Drive,Chicago,IL,10,0,0,4,,,,,,,,,,,,,,,,,,N,N,
2025,5,2886,P,"Alayeto, Clarisa",H,7,ABC,,,R0000021,12/4/24,, Alexandra Aviles,Aviles, Alexandra,,,,X,The Bronx,NY,10454,Admin,Columbia University,535,West 114th Street,New York,NY,10,10,0,4,,,,,,,,,,,,,,,,,,N,N,
2025,5,2886,P,"Alayeto, Clarisa",H,8,ABC,,,R0001326,2/26/25,, Erika Bellido,Bellido, Erika,,,,X,Bronx,NY,10467,Teacher,NYC DOE,268,East 211th Street,Bronx,NY,10,10,0,4,,,,,,,,,,,,,,,,,,N,N,
2025,5,2886,P,"Alayeto, Clarisa",H,8,ABC,,,R0001337,3/4/25,, Gilbert Borrayo,Borrayo, Gilbert,,,,Z,San Jose,CA,95125,Unemployed,,,,,,10,0,0,4,,,,,,,,,,,,,,,,,,N,N,
2025,5,2886,P,"Alayeto, Clarisa",H,7,ABC,,,R0000114,12/15/24,, Dante Bravo,Bravo, Dante,,,,K,Brooklyn,NY,11230,Unemployed,,,,,,10,10,0,4,,,,,,,,,,,,,,,,,,N,N,
2025,5,2886,P,"Alayeto, Clarisa",H,8,ABC,,,R0001229,1/15/25,, Krystine Burton,Burton, Krystine,,,,X,Bronx,NY,10454,Unemployed,,,,,,10,10,0,4,,,,,,,,,,,,,,,,,,N,N,
2025,5,2886,P,"Alayeto, Clarisa",H,8,ABC,,,R0001381,3/10/25,, Samantha Caban,Caban, Samantha,,,,X,Bronx,NY,10455,ADOC,Dream,20,Bruckner Boulevard,The Bronx,NY,10,10,0,4,,,,,,,,,,,,,,,,,,N,N,
2025,5,2886,P,"Alayeto, Clarisa",H,7,ABC,,,R0000106,12/13/24,, Stephanie Calzado,Calzado, Stephanie,,,,X,The Bronx,NY,10455,Retention specialist,Altice USA,930,soundview avenue,Bronx,NY,10,10,0,4,,,,,,,,,,,,,,,,,,N,N,
2025,5,2886,P,"Alayeto, Clarisa",H,7,ABC,,,R0000203,1/2/25,, Debbie Carrero,Carrero, Debbie,,,,M,New york,NY,10002,Homemaker,,,,,,10,10,0,4,,,,,,,,,,,,,,,,,,N,N,
2025,5,2886,P,"Alayeto, Clarisa",H,7,ABC,,,R0000215,1/3/25,, Cho Casey,Casey, Cho,,,,X,Bronx,NY,10454,Retired,,,,,,10,10,0,4,,,,,,,,,,,,,,,,,,N,N,
2025,5,2886,P,"Alayeto, Clarisa",H,8,ABC,,,R0001262,2/2/25,, Yvette Castanon,Castanon, Yvette,,,,X,The Bronx,NY,10456,Case Manager,BVSJ,360,East 193rd Street,The Bronx,NY,10,10,0,4,,,,,,,,,,,,,,,,,,N,N,
2025,5,2886,P,"Alayeto, Clarisa",H,7,ABC,,,R0000196,1/2/25,, Athena Castillo,Castillo, Athena,,,,M,New York,NY,10029,Therapist,BronxCare system health,1276,Fulton Avenue,The Bronx,NY,10,10,0,4,,,,,,,,,,,,,,,,,,N,N,
2025,5,2886,P,"Alayeto, Clarisa",H,7,ABC,,,R0000155,12/23/24,, Justin Cedeno,Cedeno, Justin,,,,X,Bronx,NY,10451,Unemployed,,,,,,10,10,0,4,,,,,,,,,,,,,,,,,,N,N,
2025,5,2886,P,"Alayeto, Clarisa",H,7,ABC,,,R0000117,12/17/24,, Maria Cipreny,Cipreny, Maria,,,,X,Bronx,NY,10454,Homemaker,,,,,,10,10,0,4,,,,,,,,,,,,,,,,,,N,N,
2025,5,2886,P,"Alayeto, Clarisa",H,7,ABC,,,R0000226,1/3/25,, Latrice ColesLeveille,ColesLeveille, Latrice,,,,X,Bronx,NY,10462,Health Aide,C&T Homecare,1275,Castle Hill Avenue,Bronx,NY,10,10,0,4,,,,,,,,,,,,,,,,,,N,N,
2025,5,2886,P,"Alayeto, Clarisa",H,8,ABC,,,R0001283,2/14/25,, Latrice ColesLeveille,ColesLeveille, Latrice,,,,X,The Bronx,NY,10462,Sales,Self-Employed,2125,Saint Raymond Avenue,The Bronx,NY,10,10,0,4,,,,,,,,,,,,,,,,,,N,N,
2025,5,2886,P,"Alayeto, Clarisa",H,8,ABC,,,R0001399,3/13/25,, Latrice ColesLeveille,ColesLeveille, Latrice,,,,X,Bronx,NY,10462,Direct Sales,Self-Employed,2125,Saint Raymond Avenue,The Bronx,NY,10,10,0,4,,,,,,,,,,,,,,,,,,N,N,
2025,5,2886,P,"Alayeto, Clarisa",H,7,ABC,,,R0000227,1/4/25,, Jacqueline Concepcion,Concepcion, Jacqueline,,,,X,The Bronx,NY,10455,Customer service,United healthcare,50 Yonke,Box 1459,Minneapolis,MN,10,0,0,4,,,,,,,,,,,,,,,,,,N,N,
2025,5,2886,P,"Alayeto, Clarisa",H,7,ABC,,,R0000194,1/2/25,, Vilma Crespo,Crespo, Vilma,,,,X,Bronx,NY,10456,Retired,,,,,,10,10,0,4,,,,,,,,,,,,,,,,,,N,N,
2025,5,2886,P,"Alayeto, Clarisa",H,8,ABC,,,R0001370,3/8/25,, Hervey D,D, Hervey,,,,Z,Sacramento,CA,95831,Envy,Massage,2051,Arena Boulevard,Sacramento,CA,10,0,0,4,,,,,,,,,,,,,,,,,,N,N,
2025,5,2886,P,"Alayeto, Clarisa",H,8,ABC,,,R0001418,3/13/25,, Jeimy De La Cruz,De La Cruz, Jeimy,,,,X,The Bronx,NY,10451,Real Estate,One Wall Street Sales,1,Wall Street,New York,NY,10,10,0,4,,,,,,,,,,,,,,,,,,N,N,
2025,5,2886,P,"Alayeto, Clarisa",H,7,ABC,,,R0000099,12/13/24,, Mariely Del Valle,Del Valle, Mariely,,,,X,The Bronx,NY,10454,Teacher,Dream Charter School,135,Alexander Avenue,The Bronx,NY,10,10,0,4,,,,,,,,,,,,,,,,,,N,N,
2025,5,2886,P,"Alayeto, Clarisa",H,7,ABC,,,R0000101,12/13/24,, Shanaya Downs,Downs, Shanaya,,,,X,Bronx,NY,10456,Operation manager,Allied universal,123,William Street,New York,NY,10,10,0,4,,,,,,,,,,,,,,,,,,N,N,
2025,5,2886,P,"Alayeto, Clarisa",H,7,ABC,,,R0000234,1/5/25,, Jason Ducret,Ducret, Jason,,,,X,Bronx,NY,10454,Banker,BHI,1120,6th Avenue,New York,NY,10,10,0,4,,,,,,,,,,,,,,,,,,N,N,
2025,5,2886,P,"Alayeto, Clarisa",H,8,ABC,,,R0001280,2/11/25,, SHARTEL Dukes,Dukes, SHARTEL,,,,X,BRONX,NY,10454,Construction worker,Roma scaffolding,520,West 33rd strett,BRONX,NY,10,10,0,4,,,,,,,,,,,,,,,,,,N,N,
2025,5,2886,P,"Alayeto, Clarisa",H,8,ABC,,,R0001410,3/13/25,, Efrain Santiago Efrain Santiago,Efrain Santiago, Efrain Santiago,,,,X,NY,NY,10472,Property Manager,Old Iron MGNT,935,Bronx River Avenue,The Bronx,NY,10,10,0,4,,,,,,,,,,,,,,,,,,N,N,
2025,5,2886,P,"Alayeto, Clarisa",H,8,ABC,,,R0001245,1/18/25,, Carolina Espinosa Rodriguez,Espinosa Rodriguez, Carolina,,,,Z,Aberdeen Township,NJ,07747,Program Director,BronxWorks,60,East Tremont Avenue,The Bronx,NY,10,0,0,4,,,,,,,,,,,,,,,,,,N,N,
2025,5,2886,P,"Alayeto, Clarisa",H,7,ABC,,,R0000171,12/26/24,, Elena Farina,Farina, Elena,,,,M,New York,NY,10075,Fundraiser,DREAM,1991,2nd Avenue,New York,NY,10,10,0,4,,,,,,,,,,,,,,,,,,N,N,
2025,5,2886,P,"Alayeto, Clarisa",H,8,ABC,,,R0001313,2/23/25,, Gabriel Fortuna,Fortuna, Gabriel,,,,X,The Bronx,NY,10451,Team leader,Pescelulu,157,East 53rd Street,New York,NY,10,0,0,4,,,,,,,,,,,,,,,,,,N,N,
2025,5,2886,P,"Alayeto, Clarisa",H,7,ABC,,,R0000118,12/17/24,, Bedzaida Fred,Fred, Bedzaida,,,,X,Bronx,NY,10454,Homemaker,,,,,,10,10,0,4,,,,,,,,,,,,,,,,,,N,N,
2025,5,2886,P,"Alayeto, Clarisa",H,8,ABC,,,R0001238,1/17/25,, Krystal Gonzalez,Gonzalez, Krystal,,,,X,The Bronx,NY,10462,Executive secretary,NYC Health and Hospitals,1400,Pelham Parkway South,The Bronx,NY,10,10,0,4,,,,,,,,,,,,,,,,,,N,N,
2025,5,2886,P,"Alayeto, Clarisa",H,7,ABC,,,R0000239,1/6/25,, Shiara Gonzalez,Gonzalez, Shiara,,,,X,Bronx,NY,10461,Financial Rep,Mount Sinai,150,Grand Central,New York,NY,10,10,0,4,,,,,,,,,,,,,,,,,,N,N,
2025,5,2886,P,"Alayeto, Clarisa",H,8,ABC,,,R0001311,2/23/25,, Starr Grant,Grant, Starr,,,,X,Bronx,NY,10473,HRBP,The New York Times,1,New York Times Plaza,College Point,NY,10,10,0,4,,,,,,,,,,,,,,,,,,N,N,
2025,5,2886,P,"Alayeto, Clarisa",H,7,ABC,,,R0000210,1/2/25,, Malik Grooms,Grooms, Malik,,,,M,New York,NY,10029,Unemployed,,,,,,10,10,0,4,,,,,,,,,,,,,,,,,,N,N,
2025,5,2886,P,"Alayeto, Clarisa",H,7,ABC,,,R0000224,1/3/25,, Amaurys Grullon,Grullon, Amaurys,,,,X,The Bronx,NY,10451,Entrepreneur,Self-Employed,127,Lincoln Avenue,The Bronx,NY,10,0,0,4,,,,,,,,,,,,,,,,,,N,N,
2025,5,2886,P,"Alayeto, Clarisa",H,7,ABC,,,R0000015,12/3/24,, Robert Gulya,Gulya, Robert,,,,M,New York,NY,10029,Teacher,Nycdoe,1110,Washington Avenue,The Bronx,NY,10,10,0,4,,,,,,,,,,,,,,,,,,N,N,
2025,5,2886,P,"Alayeto, Clarisa",H,8,ABC,,,R0001243,1/18/25,, Rachel Hefferman,Hefferman, Rachel,,,,M,New York,NY,10128,Educator,DREAM,1991,2nd Avenue,New York,NY,10,10,0,4,,,,,,,,,,,,,,,,,,N,N,
2025,5,2886,P,"Alayeto, Clarisa",H,8,ABC,,,R0001382,3/10/25,, Shelby Ibern,Ibern, Shelby,,,,M,New York,NY,10029,Substitute teacher,Dream Charter School,20,Bruckner Boulevard,The Bronx,NY,10,10,0,4,,,,,,,,,,,,,,,,,,N,N,
2025,5,2886,P,"Alayeto, Clarisa",H,7,ABC,,,R0000050,12/7/24,, darlene jackson,jackson, darlene,,,,X,The Bronx,NY,10462,Student,,,,,,10,10,0,4,,,,,,,,,,,,,,,,,,N,N,
2025,5,2886,P,"Alayeto, Clarisa",H,7,ABC,,,R0001194,12/23/24,, Tammy James,James, Tammy,,,,X,Bronx,NY,10454,,,,,,,10,10,0,1,,,,,,,,,,,,,,,,,,N,N,
2025,5,2886,P,"Alayeto, Clarisa",H,7,ABC,,,R0001181,12/29/24,, Tinnie James,James, Tinnie,,,,X,Bronx,NY,10454,,,,,,,10,10,0,1,,,,,,,,,,,,,,,,,,N,N,
2025,5,2886,P,"Alayeto, Clarisa",H,7,ABC,,,R0001192,12/23/24,, Tinnie James,James, Tinnie,,,,X,Bronx,NY,10454,Pastor,Fordham Gospel Mission,132,Alexander Ave,Bronx,NY,10,10,0,1,,,,,,,,,,,,,,,,,,N,N,
2025,5,2886,P,"Alayeto, Clarisa",H,7,ABC,,,R0000076,12/10/24,, Anthony Jefferies,Jefferies, Anthony,,,,X,BRONX,NY,10451,Retired,,,,,,10,10,0,4,,,,,,,,,,,,,,,,,,N,N,
2025,5,2886,P,"Alayeto, Clarisa",H,7,ABC,,,R0000270,1/10/25,, Shakeema Johnson,Johnson, Shakeema,,,,X,The Bronx,NY,10454,Vendor,Self-Employed,139,Alexander Avenue,The Bronx,NY,10,10,0,4,,,,,,,,,,,,,,,,,,N,N,
2025,5,2886,P,"Alayeto, Clarisa",H,7,ABC,,,R0000232,1/5/25,, charmaine jones,jones, charmaine,,,,K,Brooklyn,NY,11201,Unemployed,,,,,,10,10,0,4,,,,,,,,,,,,,,,,,,N,N,
2025,5,2886,P,"Alayeto, Clarisa",H,7,ABC,,,R0000173,12/26/24,, Raquia Khaliq,Khaliq, Raquia,,,,M,New York,NY,10035,Retired,,,,,,10,10,0,4,,,,,,,,,,,,,,,,,,N,N,
2025,5,2886,P,"Alayeto, Clarisa",H,7,ABC,,,R0000097,12/12/24,, Jalay Knowles,Knowles, Jalay,,,,Z,Ossining,NY,10562,School counselor,Ossining ufsd,29,South Highland Avenue,Ossining,NY,10,0,0,4,,,,,,,,,,,,,,,,,,N,N,
2025,5,2886,P,"Alayeto, Clarisa",H,7,ABC,,,R0000026,12/5/24,, Jaritza Landron,Landron, Jaritza,,,,X,The Bronx,NY,10459,Social worker,BronxCare Health System,1650,Grand Concourse,The Bronx,NY,10,10,0,4,,,,,,,,,,,,,,,,,,N,N,
2025,5,2886,P,"Alayeto, Clarisa",H,7,ABC,,,R0000071,12/10/24,, Adrienne Lauchert,Lauchert, Adrienne,,,,Z,Yonkers,NY,10701,College counselor,Dream charter school,20,Bruckner Boulevard,The Bronx,NY,10,0,0,4,,,,,,,,,,,,,,,,,,N,N,
2025,5,2886,P,"Alayeto, Clarisa",H,7,ABC,,,R0000077,12/11/24,, Karina Lopez,Lopez, Karina,,,,X,The Bronx,NY,10454,Dean,Dream,20,Bruckner Boulevard,The Bronx,NY,10,10,0,4,,,,,,,,,,,,,,,,,,N,N,
2025,5,2886,P,"Alayeto, Clarisa",H,7,ABC,,,R0000143,12/20/24,, Grace Lozada,Lozada, Grace,,,,X,The Bronx,NY,10454,School Bus Attendant,Little Richie School Bus Compa,1310,Oak Point Avenue,The Bronx,NY,10,10,0,4,,,,,,,,,,,,,,,,,,N,N,
2025,5,2886,P,"Alayeto, Clarisa",H,8,ABC,,,R0001412,3/13/25,, Tasheema Lucas,Lucas, Tasheema,,,,X,Bronx,NY,10454,Director/Social worker,New Settlement,1512,Townsend Avenue,Bronx,NY,10,10,0,4,,,,,,,,,,,,,,,,,,N,N,
2025,5,2886,P,"Alayeto, Clarisa",H,7,ABC,,,R0000040,12/6/24,, Awilda Martinez,Martinez, Awilda,,,,X,Bronx,NY,10451,Unemployed,,,,,,10,10,0,4,,,,,,,,,,,,,,,,,,N,N,
2025,5,2886,P,"Alayeto, Clarisa",H,7,ABC,,,R0000065,12/10/24,, Cindy Martinez,Martinez, Cindy,,,,M,New York,NY,10029,Front desk manager,Brownings fitness,28,East 72nd Street,New York,NY,10,10,0,4,,,,,,,,,,,,,,,,,,N,N,
2025,5,2886,P,"Alayeto, Clarisa",H,7,ABC,,,R0000064,12/9/24,, Harvey Martinez,Martinez, Harvey,,,,Z,Fitchburg,MA,01420,Ammunition Handler,US Army,1,Jackson Road,Lancaster,MA,10,0,0,4,,,,,,,,,,,,,,,,,,N,N,
2025,5,2886,P,"Alayeto, Clarisa",H,7,ABC,,,R0000277,1/11/25,, Rayquan McCullum,McCullum, Rayquan,,,,X,Bronx,NY,10454,Unemployed,,,,,,10,10,0,4,,,,,,,,,,,,,,,,,,N,N,
2025,5,2886,P,"Alayeto, Clarisa",H,7,ABC,,,R0001219,1/10/25,, Maria Mendez,Mendez, Maria,,,,X,Bronx,NY,10454,House Cleaner,Self,,,,,10,10,0,1,,,,,,,,,,,,,,,,,,N,N,
2025,5,2886,P,"Alayeto, Clarisa",H,7,ABC,,,R0000205,1/2/25,, Sen'ari Minnis,Minnis, Sen'ari,,,,X,Bronx,NY,10454,Student,,,,,,10,10,0,4,,,,,,,,,,,,,,,,,,N,N,
2025,5,2886,P,"Alayeto, Clarisa",H,7,ABC,,,R0000192,1/2/25,, Rebecca Mitchell,Mitchell, Rebecca,,,,Z,TEMPLE,GA,30179,Financial Aid counselor,Georgia State University,33,Gilmer Street Southeast,Atlanta,GA,10,0,0,4,,,,,,,,,,,,,,,,,,N,N,
2025,5,2886,P,"Alayeto, Clarisa",H,8,ABC,,,R0001265,2/4/25,, Jasmine Morales,Morales, Jasmine,,,,X,The Bronx,NY,10451,Retired,,,,,,10,10,0,4,,,,,,,,,,,,,,,,,,N,N,
2025,5,2886,P,"Alayeto, Clarisa",H,7,ABC,,,R0000229,1/4/25,, Madelyn Nieves,Nieves, Madelyn,,,,X,The Bronx,NY,10455,Academic Program Manager,City University of New York,205,East 42nd Street,New York,NY,10,10,0,4,,,,,,,,,,,,,,,,,,N,N,
2025,5,2886,P,"Alayeto, Clarisa",H,7,ABC,,,R0000222,1/3/25,, Maria Nunez,Nunez, Maria,,,,M,New York,NY,10029,Homemaker,,,,,,10,10,0,4,,,,,,,,,,,,,,,,,,N,N,
2025,5,2886,P,"Alayeto, Clarisa",H,8,ABC,,,R0001230,1/16/25,, Emanuel Payne,Payne, Emanuel,,,,X,The Bronx,NY,10462,Student,,,,,,10,10,0,4,,,,,,,,,,,,,,,,,,N,N,
2025,5,2886,P,"Alayeto, Clarisa",H,7,ABC,,,R0000031,12/6/24,, Noah Pellot,Pellot, Noah,,,,X,Bronx,NY,10454,Student,,,,,,10,10,0,4,,,,,,,,,,,,,,,,,,N,N,
2025,5,2886,P,"Alayeto, Clarisa",H,7,ABC,,,R0000016,12/3/24,, Stephanie Phillips-Gulya,Phillips-Gulya, Stephanie,,,,M,New York,NY,10029,Teacher,The Chapin School,100,East End Avenue,New York,NY,10,10,0,4,,,,,,,,,,,,,,,,,,N,N,
2025,5,2886,P,"Alayeto, Clarisa",H,8,ABC,,,R0001417,3/13/25,, Rosa pinero,pinero, Rosa,,,,X,The Bronx,NY,10455,Retired,,,,,,10,10,0,4,,,,,,,,,,,,,,,,,,N,N,
2025,5,2886,P,"Alayeto, Clarisa",H,8,ABC,,,R0001327,2/26/25,, Aylenis Pla,Pla, Aylenis,,,,X,The Bronx,NY,10467,Unemployed,,,,,,10,10,0,4,,,,,,,,,,,,,,,,,,N,N,
2025,5,2886,P,"Alayeto, Clarisa",H,7,ABC,,,R0000029,12/5/24,, Bertha Ramos,Ramos, Bertha,,,,X,The Bronx,NY,10462,Unemployed,,,,,,10,10,0,4,,,,,,,,,,,,,,,,,,N,N,
2025,5,2886,P,"Alayeto, Clarisa",H,7,ABC,,,R0000160,12/26/24,, Damaris ramos,ramos, Damaris,,,,X,bronx,NY,10451,supervisor,Home depot,6140,61 n first ave,ny,NY,10,10,0,4,,,,,,,,,,,,,,,,,,N,N,
2025,5,2886,P,"Alayeto, Clarisa",H,7,ABC,,,R0000269,1/10/25,, Nikia Ramos,Ramos, Nikia,,,,X,The Bronx,NY,10454,Shift manager,CVS pharmacy,130,Lenox Avenue,New York,NY,10,10,0,4,,,,,,,,,,,,,,,,,,N,N,
2025,5,2886,P,"Alayeto, Clarisa",H,7,ABC,,,R0000195,1/2/25,, Yvette Reid,Reid, Yvette,,,,X,The Bronx,NY,10451,Retired,,,,,,10,10,0,4,,,,,,,,,,,,,,,,,,N,N,
2025,5,2886,P,"Alayeto, Clarisa",H,8,ABC,,,R0001240,1/18/25,, Zuleika Rodriguez,Rodriguez, Zuleika,,,,Z,Kissimmee,FL,34741,Case management,Orlando Health,9430,Turkey Lake Road,Orlando,FL,10,0,0,4,,,,,,,,,,,,,,,,,,N,N,
2025,5,2886,P,"Alayeto, Clarisa",H,7,ABC,,,R0000183,12/28/24,, Tiffany Rosario,Rosario, Tiffany,,,,X,Bronx,NY,10451,Retail sales consultant,AT&T,2066,Broadway,New York,NY,10,10,0,4,,,,,,,,,,,,,,,,,,N,N,
2025,5,2886,P,"Alayeto, Clarisa",H,7,ABC,,,R0000168,12/26/24,, Cameron Rose,Rose, Cameron,,,,K,Brooklyn,NY,11217,Teacher,DREAM,20,Bruckner Boulevard,The Bronx,NY,10,10,0,4,,,,,,,,,,,,,,,,,,N,N,
2025,5,2886,P,"Alayeto, Clarisa",H,8,ABC,,,R0001317,2/24/25,, Michael Rosero,Rosero, Michael,,,,X,The Bronx,NY,10454,Homemaker,,,,,,10,10,0,4,,,,,,,,,,,,,,,,,,N,N,
2025,5,2886,P,"Alayeto, Clarisa",H,7,ABC,,,R0000108,12/14/24,, Sanday Sacoh,Sacoh, Sanday,,,,X,The Bronx,NY,10451,Teacher,St. Hope Leadership Academy,222,West 134th Street,New York,NY,10,10,0,4,,,,,,,,,,,,,,,,,,N,N,
2025,5,2886,P,"Alayeto, Clarisa",H,8,ABC,,,R0001383,3/10/25,, Carlos Sanchez,Sanchez, Carlos,,,,X,BRONX,NY,10454,Assistant manager,Caleres,40-24,Famous Footwear,BRONX,NY,10,10,0,4,,,,,,,,,,,,,,,,,,N,N,
2025,5,2886,P,"Alayeto, Clarisa",H,8,ABC,,,R0001334,3/3/25,, Crystal Sanchez,Sanchez, Crystal,,,,M,New York,NY,10029,Unemployed,,,,,,10,10,0,4,,,,,,,,,,,,,,,,,,N,N,
2025,5,2886,P,"Alayeto, Clarisa",H,7,ABC,,,R0000036,12/6/24,, Glady Sanchez,Sanchez, Glady,,,,X,The Bronx,NY,10451,Unemployed,,,,,,10,10,0,4,,,,,,,,,,,,,,,,,,N,N,
2025,5,2886,P,"Alayeto, Clarisa",H,8,ABC,,,R0001270,2/5/25,, Rosa sanchez,sanchez, Rosa,,,,X,Bronx,NY,10454,Wellness coach,Self-Employed,197,Brook Avenue,The Bronx,NY,10,10,0,4,,,,,,,,,,,,,,,,,,N,N,
2025,5,2886,P,"Alayeto, Clarisa",H,7,ABC,,,R0000104,12/13/24,, Efrain Santiago,Santiago, Efrain,,,,X,The Bronx,NY,10472,Property Manager,Old Iron Management,935,Bronx River Avenue,The Bronx,NY,10,10,0,4,,,,,,,,,,,,,,,,,,N,N,
2025,5,2886,P,"Alayeto, Clarisa",H,7,ABC,,,R0000293,1/11/25,, Melinda Santiago,Santiago, Melinda,,,,X,The Bronx,NY,10461,Counselor,Prep for prep,West,71 street,New York,NY,10,10,0,4,,,,,,,,,,,,,,,,,,N,N,
2025,5,2886,P,"Alayeto, Clarisa",H,8,ABC,,,R0001237,1/17/25,, Stacy Scroggins,Scroggins, Stacy,,,,X,Bronx,NY,10451,Homemaker,,,,,,10,10,0,4,,,,,,,,,,,,,,,,,,N,N,
2025,5,2886,P,"Alayeto, Clarisa",H,7,ABC,,,R0000267,1/10/25,, Patricia Simpson,Simpson, Patricia,,,,X,Bronx,NY,10451,Community Organizer Supervisor,New York City Housing Authorit,301,East 143rd Street,Bronx New York,NY,10,10,0,4,,,,,,,,,,,,,,,,,,N,N,
2025,5,2886,P,"Alayeto, Clarisa",H,7,ABC,,,R0000058,12/9/24,, Zoraida Stephens,Stephens, Zoraida,,,,M,New York,NY,10029,Executive Assistant,JPMorgan Chase,277,Park Avenue,New York,NY,10,10,0,4,,,,,,,,,,,,,,,,,,N,N,
2025,5,2886,P,"Alayeto, Clarisa",H,8,ABC,,,R0001322,2/25/25,, Casey Stockton,Stockton, Casey,,,,Z,San Diego,CA,92101,Educator,E3 civic high,395,Eleventh Avenue,San Diego,CA,10,0,0,4,,,,,,,,,,,,,,,,,,N,N,
2025,5,2886,P,"Alayeto, Clarisa",H,8,ABC,,,R0001316,2/23/25,, Tiffany Stuart,Stuart, Tiffany,,,,Z,Middlesex,NJ,08846,Marketing,Self-Employed,5610,Avenue N,Brooklyn,NY,10,0,0,4,,,,,,,,,,,,,,,,,,N,N,
2025,5,2886,P,"Alayeto, Clarisa",H,8,ABC,,,R0001244,1/18/25,, Susan Suarez,Suarez, Susan,,,,Z,Woodbridge Township,NJ,07095,banker,wells fargo,541,Olive Place,Woodbridge Township,NJ,10,0,0,4,,,,,,,,,,,,,,,,,,N,N,
2025,5,2886,P,"Alayeto, Clarisa",H,8,ABC,,,R0001349,3/6/25,, Tiffany Tacury,Tacury, Tiffany,,,,Q,Forest Hills,NY,11375,Senior Director,The Child Center of NY,118-35,Queens Boulevard,Forest Hills,NY,10,10,0,4,,,,,,,,,,,,,,,,,,N,N,
2025,5,2886,P,"Alayeto, Clarisa",H,7,ABC,,,R0000182,12/28/24,, Cecilia Torres,Torres, Cecilia,,,,Z,Yonkers,NY,10705,Office manager,Gold & Rosenblstt LLC,840,Grand Concourse,The Bronx,NY,10,0,0,4,,,,,,,,,,,,,,,,,,N,N,
2025,5,2886,P,"Alayeto, Clarisa",H,7,ABC,,,R0000174,12/27/24,, Daysa Torres,Torres, Daysa,,,,Z,Ossining,NY,10562,School Counselor,AECI 2 Charter HS,116,East 169th Street,The Bronx,NY,10,0,0,4,,,,,,,,,,,,,,,,,,N,N,
2025,5,2886,P,"Alayeto, Clarisa",H,8,ABC,,,R0001263,2/2/25,, Natalie Trujillo,Trujillo, Natalie,,,,K,Brooklyn,NY,11226,Nurse Practitioner,NYU Langone,462,1st Avenue,New York,NY,10,10,0,4,,,,,,,,,,,,,,,,,,N,N,
2025,5,2886,P,"Alayeto, Clarisa",H,7,ABC,,,R0001184,12/29/24,, Marilyn Vantrannegeryn,Vantrannegeryn, Marilyn,,,,X,Bronx,NY,10475,,,,,,,10,10,0,1,,,,,,,,,,,,,,,,,,N,N,
2025,5,2886,P,"Alayeto, Clarisa",H,7,ABC,,,R0000260,1/9/25,, Evelina vargas,vargas, Evelina,,,,M,New York,NY,10025,Daycare provider,Self-Employed,125,West 109th Street,New York,NY,10,10,0,4,,,,,,,,,,,,,,,,,,N,N,
2025,5,2886,P,"Alayeto, Clarisa",H,8,ABC,,,R0001328,2/26/25,, Evelina Vargas,Vargas, Evelina,,,,M,New York,NY,10025,Child care provider,Self-Employed,125,West 109th Street,New York,NY,10,10,0,4,,,,,,,,,,,,,,,,,,N,N,
2025,5,2886,P,"Alayeto, Clarisa",H,7,ABC,,,R0001190,1/4/25,, Mayra Vasquez,Vasquez, Mayra,,,,X,Bronx,NY,10454,,,,,,,10,10,0,1,,,,,,,,,,,,,,,,,,N,N,
2025,5,2886,P,"Alayeto, Clarisa",H,8,ABC,,,R0001318,2/24/25,, Robert Vega Jr.,Vega Jr., Robert,,,,X,The Bronx,NY,10451,Unemployed,,,,,,10,10,0,4,,,,,,,,,,,,,,,,,,N,N,
2025,5,2886,P,"Alayeto, Clarisa",H,8,ABC,,,R0001236,1/17/25,, Mercedes Vizcarrondo,Vizcarrondo, Mercedes,,,,S,Staten Island,NY,10301,Member Avocate,Fidelis,165,Saint Marks Place,Staten Island,NY,10,10,0,4,,,,,,,,,,,,,,,,,,N,N,
2025,5,2886,P,"Alayeto, Clarisa",H,7,ABC,,,R0001187,12/29/24,, Minister Wallace,Wallace, Minister,,,,X,Bronx,NY,10454,,,,,,,10,10,0,1,,,,,,,,,,,,,,,,,,N,N,
2025,5,2886,P,"Alayeto, Clarisa",H,8,ABC,,,R0001267,2/4/25,, Tiara Williams,Williams, Tiara,,,,X,The Bronx,NY,10454,Unemployed,,,,,,10,10,0,4,,,,,,,,,,,,,,,,,,N,N,
2025,5,2886,P,"Alayeto, Clarisa",H,7,ABC,,,R0000228,1/4/25,, Unique Williams,Williams, Unique,,,,Z,Danbury,CT,06811,Case management program manage,Apex Community Care,16,Hospital ave,Danbury,CT,10,0,0,4,,,,,,,,,,,,,,,,,,N,N,
2025,5,2886,P,"Alayeto, Clarisa",H,7,ABC,,,R0000225,1/3/25,, Tamara Willoughby,Willoughby, Tamara,,,,X,The Bronx,NY,10451,College and career coordinator,Roads to success,49,West 37th Street,New York,NY,10,10,0,4,,,,,,,,,,,,,,,,,,N,N,
2025,5,2886,P,"Alayeto, Clarisa",H,7,ABC,,,R0000162,12/26/24,, Natalia Yulfo,Yulfo, Natalia,,,,X,The Bronx,NY,10462,Assistant director,KIPP NYC,201,East 144th Street,The Bronx,NY,10,10,0,4,,,,,,,,,,,,,,,,,,N,N,
2025,5,2886,P,"Alayeto, Clarisa",H,7,ABC,,,R0000216,1/3/25,, Sanaa Bannister,Bannister, Sanaa,,,,X,The Bronx,NY,10469,School Bus Driver,Gvc LTD,1392,Commerce Avenue,The Bronx,NY,2,2,0,4,,,,,,,,,,,,,,,,,,N,N,